CREATE DATABASE  IF NOT EXISTS `bookstore` /*!40100 DEFAULT CHARACTER SET utf8mb4 COLLATE utf8mb4_0900_ai_ci */ /*!80016 DEFAULT ENCRYPTION='N' */;
USE `bookstore`;
-- MySQL dump 10.13  Distrib 8.0.43, for Win64 (x86_64)
--
-- Host: localhost    Database: bookstore
-- ------------------------------------------------------
-- Server version	8.0.43

/*!40101 SET @OLD_CHARACTER_SET_CLIENT=@@CHARACTER_SET_CLIENT */;
/*!40101 SET @OLD_CHARACTER_SET_RESULTS=@@CHARACTER_SET_RESULTS */;
/*!40101 SET @OLD_COLLATION_CONNECTION=@@COLLATION_CONNECTION */;
/*!50503 SET NAMES utf8 */;
/*!40103 SET @OLD_TIME_ZONE=@@TIME_ZONE */;
/*!40103 SET TIME_ZONE='+00:00' */;
/*!40014 SET @OLD_UNIQUE_CHECKS=@@UNIQUE_CHECKS, UNIQUE_CHECKS=0 */;
/*!40014 SET @OLD_FOREIGN_KEY_CHECKS=@@FOREIGN_KEY_CHECKS, FOREIGN_KEY_CHECKS=0 */;
/*!40101 SET @OLD_SQL_MODE=@@SQL_MODE, SQL_MODE='NO_AUTO_VALUE_ON_ZERO' */;
/*!40111 SET @OLD_SQL_NOTES=@@SQL_NOTES, SQL_NOTES=0 */;

--
-- Table structure for table `address`
--

DROP TABLE IF EXISTS `address`;
/*!40101 SET @saved_cs_client     = @@character_set_client */;
/*!50503 SET character_set_client = utf8mb4 */;
CREATE TABLE `address` (
  `id` varchar(255) NOT NULL,
  `city` varchar(70) NOT NULL,
  `created_at` datetime(6) NOT NULL,
  `fullname` varchar(50) NOT NULL,
  `phone` varchar(15) NOT NULL,
  `speaddress` varchar(70) NOT NULL,
  `ward` varchar(70) NOT NULL,
  `user_id` varchar(255) NOT NULL,
  PRIMARY KEY (`id`),
  KEY `FKda8tuywtf0gb6sedwk7la1pgi` (`user_id`),
  CONSTRAINT `FKda8tuywtf0gb6sedwk7la1pgi` FOREIGN KEY (`user_id`) REFERENCES `user` (`id`)
) ENGINE=InnoDB DEFAULT CHARSET=utf8mb4 COLLATE=utf8mb4_0900_ai_ci;
/*!40101 SET character_set_client = @saved_cs_client */;

--
-- Dumping data for table `address`
--

LOCK TABLES `address` WRITE;
/*!40000 ALTER TABLE `address` DISABLE KEYS */;
INSERT INTO `address` VALUES ('2682320c-09df-465d-9706-70024e6bff8c','Đà Nẵng','2025-10-21 01:53:05.865464','test','0967996016','751/28FHồng Bàng Phường 6 Quận 6','Xã Tam Mỹ','b1b879e5-8d4d-48e6-a735-08df20510d47'),('a362796b-e3da-4ed3-abb1-1221ba304291','Quảng Trị','2025-10-21 01:55:51.318296','test','0967996016','751/28F Hồng Bàng','Xã Tuyên Bình','083d38f9-f906-4290-a9da-fe7a499e2901'),('c03dd909-4617-4ae0-842a-e25c5f9c6634','Hà Tĩnh','2025-10-21 08:25:45.632209','test','0967996016','751/28FHồng Bàng','Phường Thành Sen','268fb390-b233-4fb4-8d39-d1785eb4e8c8');
/*!40000 ALTER TABLE `address` ENABLE KEYS */;
UNLOCK TABLES;

--
-- Table structure for table `author`
--

DROP TABLE IF EXISTS `author`;
/*!40101 SET @saved_cs_client     = @@character_set_client */;
/*!50503 SET character_set_client = utf8mb4 */;
CREATE TABLE `author` (
  `id` varchar(255) NOT NULL,
  `created_at` datetime(6) NOT NULL,
  `fullname` varchar(50) NOT NULL,
  `slug` varchar(50) NOT NULL,
  PRIMARY KEY (`id`),
  UNIQUE KEY `UK_hkli47o2u0hmlonrjbuerfqwj` (`fullname`),
  UNIQUE KEY `UK_a247bd901toi15s4mucfsj4ur` (`slug`)
) ENGINE=InnoDB DEFAULT CHARSET=utf8mb4 COLLATE=utf8mb4_0900_ai_ci;
/*!40101 SET character_set_client = @saved_cs_client */;

--
-- Dumping data for table `author`
--

LOCK TABLES `author` WRITE;
/*!40000 ALTER TABLE `author` DISABLE KEYS */;
INSERT INTO `author` VALUES ('1ad87064-d5b9-45e3-b4a5-ae661de3d03e','2025-11-01 08:24:47.636236','Hubert Seipel','hubert-seipel'),('22e0de66-c516-43d7-adb7-339dc5b6f5f1','2025-11-01 08:03:23.550994','Hạ Mer','ha-mer'),('3a1f704a-9925-4fca-9824-69c6b85661d7','2025-11-01 09:16:20.181997','Mike Carson','mike-carson'),('46e644c6-b08e-484f-93f0-942f57394a95','2025-11-01 09:22:25.400746','Bandy X Lee','bandy-x-lee'),('4c392248-abaa-4450-afa6-0810a2a9eddc','2025-10-19 12:09:15.122189','Harry Harris','harry-harris'),('58eefde2-009a-4c94-a4d2-0550fee079ef','2025-11-01 08:47:51.413291','Bạch Đường Tống Tử Tinh','bach-uong-tong-tu-tinh'),('5f405c0d-1379-4f87-b4d5-813c9624a165','2025-11-01 08:59:41.204428','Vũ Hiếu','vu-hieu'),('6562625d-ebdf-4fc1-a87a-0d44eb3a2dee','2025-11-01 08:53:07.439514','Seunghwan Jeon','seunghwan-jeon'),('6a72820d-63df-4b5c-a1a2-2d7612885ef5','2025-10-19 12:01:09.339995','Chu Lai','chu-lai'),('73451db3-9ff3-4dd0-b1e5-2d9ceba256ff','2025-11-01 09:13:09.031227','Donald McRae','donald-mcrae'),('99676771-6146-40b3-bf8b-64fe35b47e0e','2025-10-19 12:01:03.376868','Nhiều tác giả','nhieu-tac-gia'),('acde5dc3-b0ad-424e-b758-9bef2e7feb34','2025-11-01 09:07:52.130838','Park Yeji','park-yeji'),('b504cc66-22c4-46cd-8eb0-203f1887d5b1','2025-11-01 08:50:09.184831','Thái Hậu Quy Lai','thai-hau-quy-lai'),('c2268fcb-68f1-49a4-8c24-e2435ec3a32f','2025-11-01 08:56:24.362179','Jemma Sbeg','jemma-sbeg'),('cfb032bf-1212-4eed-8017-72dbcfdc4aa0','2025-11-01 07:44:25.202528','Alex Ferguson','alex-ferguson'),('fd10c260-0929-4417-a72a-7d93ecac6324','2025-11-01 09:17:11.985883','Jon Krakauer','jon-krakauer'),('fe4ee7fa-8959-4a60-80bb-c04dece5a763','2025-11-01 08:16:34.603410','James Wallace','james-wallace');
/*!40000 ALTER TABLE `author` ENABLE KEYS */;
UNLOCK TABLES;

--
-- Table structure for table `book`
--

DROP TABLE IF EXISTS `book`;
/*!40101 SET @saved_cs_client     = @@character_set_client */;
/*!50503 SET character_set_client = utf8mb4 */;
CREATE TABLE `book` (
  `id` varchar(255) NOT NULL,
  `created_at` datetime(6) NOT NULL,
  `description` text NOT NULL,
  `discount` double NOT NULL,
  `length` double NOT NULL,
  `number_of_pages` int NOT NULL,
  `price` double NOT NULL,
  `publication_date` varchar(255) NOT NULL,
  `slug` varchar(255) NOT NULL,
  `status` int NOT NULL,
  `stock` int NOT NULL,
  `thickness` double NOT NULL,
  `title` varchar(100) NOT NULL,
  `weight` double NOT NULL,
  `width` double NOT NULL,
  `author_id` varchar(255) NOT NULL,
  `category_id` varchar(255) NOT NULL,
  `publisher_id` varchar(255) NOT NULL,
  PRIMARY KEY (`id`),
  UNIQUE KEY `UK_c6vqs9ks4hc42p5s0nbqhu5em` (`slug`),
  UNIQUE KEY `UK_g0286ag1dlt4473st1ugemd0m` (`title`),
  KEY `FKklnrv3weler2ftkweewlky958` (`author_id`),
  KEY `FKam9riv8y6rjwkua1gapdfew4j` (`category_id`),
  KEY `FKgtvt7p649s4x80y6f4842pnfq` (`publisher_id`),
  CONSTRAINT `FKam9riv8y6rjwkua1gapdfew4j` FOREIGN KEY (`category_id`) REFERENCES `category` (`id`),
  CONSTRAINT `FKgtvt7p649s4x80y6f4842pnfq` FOREIGN KEY (`publisher_id`) REFERENCES `publisher` (`id`),
  CONSTRAINT `FKklnrv3weler2ftkweewlky958` FOREIGN KEY (`author_id`) REFERENCES `author` (`id`)
) ENGINE=InnoDB DEFAULT CHARSET=utf8mb4 COLLATE=utf8mb4_0900_ai_ci;
/*!40101 SET character_set_client = @saved_cs_client */;

--
-- Dumping data for table `book`
--

LOCK TABLES `book` WRITE;
/*!40000 ALTER TABLE `book` DISABLE KEYS */;
INSERT INTO `book` VALUES ('0df5b62d-1593-43b6-a835-3f1864156e16','2025-10-19 16:38:04.617013','<p>Là tác phẩm bán chạy tại Anh và Mỹ ngay từ lần xuất bản đầu tiên, cuốn sách này là tiểu sử được cho phép đầu tiên, và đầy đủ nhất, của cầu thủ bóng đá vĩ đại nhất thế giới. Có cơ hội tiếp cận đặc biệt với chính Pelé, tác giả chuyên viết về đề tài thể thao Harry Harris kể lại cho chúng ta nghe quá trình thăng tiến phi thường của Pelé, từ một gia đình nghèo khó ở Brazil đến lần ra mắt đội tuyển quốc gia ở tuổi 16. Kỹ năng chơi bóng siêu hạng, khả năng tư duy nhạy bén trên sân cỏ và khả năng kiểm soát bóng tuyệt diệu đã giúp Pelé trở thành cầu thủ duy nhất ba lần đoạt chức vô địch bóng đá thế giới, ghi được hơn 1.200 bàn thắng trong sự nghiệp – một kỷ lục mà có lẽ khó ai có thể bắt kịp, chứ chưa nói tới chuyện vượt qua.<br>Pelé vẫn là cầu thủ bóng đá vĩ đại nhất mọi thời đại, bất chấp những thành tích xuất sắc của các danh thủ khác như Cristiano Ronaldo, Lionel Messi, Neymar hiện nay, hay những huyền thoại trước kia như Diego Maradona và Johan Cruyff. Ấn bản này của cuốn sách được sửa đổi và cập nhật đến năm 2018, như một sự tôn vinh dành cho một ngôi sao thể thao tầm thế giới, nguồn cảm hứng cho rất nhiều người trên trái đất này.</p>',25000,23,312,175000,'2020-04-05','pele-cuoc-oi-va-thoi-ai',1,15,2.1,'Pele Cuộc Đời Và Thời Đại',320,15.5,'4c392248-abaa-4450-afa6-0810a2a9eddc','88a2951f-b6b3-4bc9-a62a-6b6f188561c6','348624ac-119c-48c9-9e49-5e4605ca7ac7'),('1fe5766e-718c-4429-97e8-b1c4d79f1d53','2025-11-01 08:13:24.916070','<p><strong>Bill Gates: Tham Vọng Lớn Lao Và Quá Trình Hình Thành Đế Chế Microsoft</strong></p><p style=\"text-align: justify;\">Cuốn sách này mở ra một câu chuyện sinh động và chân thực nhất về sự nổi lên của một thiên tài độc đoán, cách thức ông làm thay đổi cả một nền công nghiệp máy tính, và lý do tại sao mọi người quyết tâm tìm hiểu ông bằng được.</p><p style=\"text-align: justify;\">Trong tiết lộ thú vị này, hai phóng viên điều tra Wallace và Erickson đã lần theo bước chân của Gates từ những ngày còn là một hacker 13 tuổi tóc tai bù xù đến địa vị trở thành CEO lừng danh của một tập đoàn hàng đầu thế giới - Microsoft. Một phần doanh nhân, một phần lập dị, Gates đã trở thành nhân vật quyền lực nhất, giàu có nhất và cũng đáng sợ nhất trong ngành công nghiệp máy tính. Hai tác giả đã nói chuyện với tất cả những ai biết bất cứ điều gì đó về Gates và Microsoft - từ những người bạn thời thơ ấu cho tới những nhân viên và các đối thủ kinh doanh, những người có thể thiết lộ thông tin về chiều cao, những hạn chế, và cả những ma thuật của Gates.</p><p style=\"text-align: justify;\">Từ những thành tích xuất sắc của Gates cho đến sự thô lỗ, ngạo mạn không kém bất thường của ông, và cả sự thù địch (không khí rất căng thẳng tại Microsoft tới nỗi những lập trình viên phải cho nổ bom tự tạo để giảm bớt căng thẳng), đây là một tiết lộ độc đáo thể hiện cái nhìn về một con người đã nổi lên như một ông vua của một ngành công nghiệp nổi tiếng tàn bạo.</p><p style=\"text-align: justify;\">Trong cuốn sách này đầy ắp những phân tích khách quan về chiến thắng trong kinh doanh của một tập đoàn hàng đầu và chân dung người lãnh đạo cừ khôi nhưng cũng lập dị đáng kinh ngạc đứng sau tất cả những thành quả đó.</p>',25000,16,416,162000,'2023-08-05','qua-trinh-hinh-thanh-e-che-microsoft',1,15,0.5,'Quá Trình Hình Thành Đế Chế Microsoft',430,24,'fe4ee7fa-8959-4a60-80bb-c04dece5a763','0b6f0257-3119-45c5-aa51-0582a60acd71','5a5b227a-9a43-4c4f-a7ae-5b931992ac87'),('28bf23d3-aa3f-4ed2-9947-8bd9e80be6a8','2025-11-01 08:26:57.163760','<p>Tên gốc của tác phẩm là Putin: Innenansichten der Macht. Sách gồm 21 chương, do Hubert Seipel thực hiện trong 5 năm (từ năm 2010 đến 2015). Tác giả đã có hơn 20 buổi phỏng vấn chuyên sâu với Putin, đồng thời tháp tùng ông trên hàng chục chuyến đi trong, ngoài nước.</p><p style=\"text-align: justify;\">Sách mở ra góc nhìn mới về nhà lãnh đạo Nga. Putin: Logic của quyền lực phát hành ở Việt Nam cuối tháng 11, do dịch giả Phan Xuân Loan chuyển ngữ, Nhà xuất bản Tổng hợp phát hành. Hubert Seipel tái hiện những dấu mốc chính trong cuộc đời Putin. Năm 1975, Putin tốt nghiệp khoa Luật Đại học Tổng hợp Quốc gia Saint Petersburg. Năm 1985, ông trở thành nhân viên tình báo đối ngoại của Liên Xô ở Đức. Năm 1994, ông trở thành phó chủ tịch thứ nhất của thành phố quê nhà Saint Petersburg. Năm 1996, ông chuyển đến Moskva và được bổ nhiệm nhiều chức vụ quan trọng trong văn phòng Tổng thống Nga. Cuối năm 1999, ông trở thành Tổng thống Nga.</p><p style=\"text-align: justify;\">Khi mới lên nắm quyền, ông phải đối mặt với nhiều khó khăn trong giai đoạn \"tư nhân hóa\" các tài sản quốc gia. Putin cùng lúc phải vực dậy nền kinh tế sa sút, giải quyết nạn tham nhũng, chia rẽ dân tộc và các âm mưu lật đổ chính quyền. Cuốn sách đề cập đến cuộc chiến của Putin và hai đối thủ lớn - chính khách Boris Berezovsky và tỷ phú và Mikhai Khodorkovsky - chủ tập đoàn dầu khí Yukos. Để đảo ngược tình thế khó khăn, Putin đã tìm cách tăng trưởng kinh tế, phát triển các dịch vụ y tế, giáo dục. Trên chính trường quốc tế, ông đưa ra nhiều quyết định cứng rắn, đặc biệt là việc phản đối sự mở rộng của Tổ chức Hiệp ước Bắc Đại Tây Dương (NATO) về phía Đông. Sách không chứa nhiều thông tin về đời sống cá nhân của tổng thống.</p><p style=\"text-align: justify;\">Trước khi làm việc cùng Hubert Seipel, Putin yêu cầu đặt ra một ranh giới rõ ràng giữa công việc và đời tư để bảo vệ bản thân và gia đình. Ông nói: “Tôi hứng thú với các phương tiện truyền thông bởi vì tôi là chính khách và là Tổng thống Nga, còn các con gái tôi không giữ chức vụ chính trị, những quan hệ cá nhân của tôi không thuộc về các vấn đề chính trị - đó là việc riêng của tôi\". Vì thế, vợ con ông chỉ được nhắc đến vài lần.</p><p style=\"text-align: justify;\">Vladimir Vladimirovich Putin sinh năm 1952. Ông là tổng thống Nga trong hai nhiệm kỳ từ năm 2000 tới năm 2008, trước khi phải rời điện Kremlin theo Hiến pháp lúc bấy giờ. Putin đảm nhận vai trò thủ tướng Nga sau khi ông Dmitry Medvedev tiếp quản vị trí tổng thống. Với việc chiến thắng trong cuộc bầu cử năm 2012, Putin có nhiệm kỳ tổng thống thứ ba. Năm 2007, Putin được tạp chí Times bình chọn là Nhân vật của năm. Năm 2015, Putin đứng đầu trong danh sách 100 người có sức ảnh hưởng nhất thế giới của tạo chí này. Tạp chí Forbes xếp Putin là người quyền lực nhất thế giới trong bốn năm liên tiếp, từ năm 2013 tới năm 2016.</p><p style=\"text-align: justify;\">Tác giả Hubert Seipel sinh năm 1950 ở Wasserlos, Đức. Ông là nhà báo, nhà làm phim tài liệu. Ông từng nghiên cứu chính trị, lịch sử, khoa học chính trị tại tại Đại học Marburg, Đức và Trường Kinh tế và Khoa học Chính trị London, Anh. Ông có cơ hội tiếp xúc với Putin từ năm 2010, khi làm bộ phim tài liệu I, Putin: A Portrait. Sau bộ phim đó, ông trở thành nhà báo phương Tây được tiếp cận gần Putin. &nbsp;</p>',0,14.5,384,140000,'2020-08-10','putin-logic-cua-quyen-luc',1,15,1.8,'Putin - Logic Của Quyền Lực',400,20.5,'1ad87064-d5b9-45e3-b4a5-ae661de3d03e','73c9dd4f-d84c-4a81-b6b6-accfc2995f15','9ca99f2a-c18a-4370-87de-55ddb348cefc'),('4204a2c1-e291-4ab0-be91-cff3ad18b987','2025-11-01 09:16:10.258619','<p>Trong cuốn sách này, bạn sẽ thấy những bài học từ quá khứ, nghe những câu chuyện hậu trường về công việc quản lý đầy màu sắc của Arsene Wenger và Sir AlexFerguson, những người đã cống hiến trọn vẹn tuổi thanh xuân cho Premier League. Ngoài ra, với tư cách là những huấn luyện viên ngoại có nhiều trải nghiệm ở giải đấu hàng đầu nước Anh, Carlo Ancelotti và JoseMourinho cũng sẽ bật mí về cách quản lý con người và cách “đắc nhân tâm” với những ngôi sao lớn. Tất cả sẽ giúp chúng ta hiểu hơn về thế giới của những nhà quản lý hàng đầu, những người đã tồn tại nhờ lòng đam mê và sự tận tụy với công việc.</p>',0,16,288,200000,'2024-04-05','the-manager',1,20,1.4,'The Manager',300,24,'3a1f704a-9925-4fca-9824-69c6b85661d7','88a2951f-b6b3-4bc9-a62a-6b6f188561c6','25cfd702-fbc5-470e-89f7-b789166cc75a'),('45cfd7f2-815e-4e7d-9248-fd6860d6dc64','2025-11-01 08:57:55.623202','<p><strong>Nửa Lo Âu - Nửa Trưởng Thành - Hành Trình Tìm Mình Ở Tuổi Hai Mươi</strong></p><p style=\"text-align: justify;\">Tuổi 20, một giai đoạn đầy khó khăn và thử thách đối với bất kỳ ai, cũng là thời điểm mà ta phải nắm lấy cơ hội đắt giá nhất để định hình tương lai của chính mình. Xuất phát từ podcast “The Psychology of Your 20s” với hơn 50 triệu lượt nghe trên toàn thế giới, “Nửa lo âu, nửa trưởng thành: Hành trình tìm mình ở tuổi hai mươi” là tấm bản đồ tâm lý sâu sắc, chi tiết và thiết thực, giúp bạn đọc khám phá từng góc khuất trong tâm trí mình.</p><p style=\"text-align: justify;\">Với 4 phần lớn, lấy chủ đề lần lượt từ bản thân, tình yêu, sự nghiệp và chữa lành, sách điểm qua hầu hết các vấn đề nổi bật, ảnh hưởng sâu sắc đến người trẻ hiện đại, từ việc đối mặt với hội chứng kẻ mạo danh, chấp nhận thất bại rủi ro, tránh xa các mối quan hệ độc hại, cho đến khám phá đứa trẻ bên trong, xây dựng sự nghiệp và hàn gắn vết thương lòng. Nhằm đồng hành cùng sự phát triển của bạn đọc, sách còn bao gồm các hướng dẫn chi tiết, lời nhắc và bài tập thực hành tư duy, cung cấp nhiều kiến thức và kỹ năng cần thiết giúp bạn đọc trẻ đối mặt với những thách thức trong công việc, cuộc sống, để dần hoàn thiện mình.</p><p style=\"text-align: justify;\">Jemma Sbeg ví tuổi trẻ như một cuộc “hành hương” tìm đến trưởng thành: trước chúng ta, đã có hàng triệu người đi qua, sau chúng ta, còn hàng triệu người nối tiếp. Dù thực tế cuộc sống của mỗi người mỗi khác, nhưng chắc chắn, không ai phải chịu cô đơn trên con đường này, bởi chúng ta đã tìm được tiếng nói chung để gọi tên những cảm xúc phức tạp, vẽ nên bản đồ tâm lý tuổi 20.</p><p style=\"text-align: justify;\">“Là một người đang ở những năm cuối của độ tuổi 20, tôi ước mình có cuốn sách này vào năm 22 hay 23 tuổi. Sự bất định mà chúng ta đối mặt ở lứa tuổi này về câu hỏi ‘mình thuộc về đâu’ thật sự choáng ngợp, và cuốn sách đã mang lại một cái nhìn tổng thể về tâm lý học đằng sau tất cả những điều đó.”</p><p style=\"text-align: justify;\"><strong>Về tác giả</strong></p><p style=\"text-align: justify;\">Jemma Sbeg là một nhà vận động sức khỏe tâm thần, người dẫn chương trình podcast hàng đầu tại Sydney, Úc. Cô nổi tiếng toàn cầu với podcast “The Psychology of Your 20s”, đứng đầu bảng xếp hạng Spotify và Apple Podcasts, thu hút hơn 1,5 triệu người đăng ký, với 50 triệu lượt nghe và tiếp cận hơn 150 quốc gia, đến nay đã phát sóng trên 300 tập. Cô tốt nghiệp chuyên ngành kép về tâm lý học tại Đại học Quốc gia Úc.</p>',0,13,340,80000,'2025-04-05','nua-lo-au-nua-truong-thanh',1,5,1.7,'Nửa Lo Âu - Nửa Trưởng Thành',300,20.5,'c2268fcb-68f1-49a4-8c24-e2435ec3a32f','b6e308f8-45e9-4123-8ae3-e88237a16136','348624ac-119c-48c9-9e49-5e4605ca7ac7'),('475975dc-f6df-4eb3-905b-b3d942e63898','2025-11-01 08:51:48.056019','<p><strong>Anh Đứng Giữa Ngàn Hoa Hạ Rực Rỡ</strong></p><p style=\"text-align: justify;\">Trên đời này, số phận là thứ chúng ta không thể thay đổi, chỉ có thể chấp nhận mà thôi. Giống như Hà Nhiễm đã yêu Tiêu Hàn bằng cả trái tim mình, vậy mà cô vẫn không thể ở bên anh. Giống như Tiêu Hàn đã nâng niu, chiều chuộng Hà Nhiễm bằng tất cả những gì anh có, vậy mà anh vẫn chẳng thể cứu được cô từ tay của tử thần.</p><p style=\"text-align: justify;\">Lần đầu tiên Tiêu Hàn và Hà Nhiễm gặp nhau là ở cửa hàng gội đầu nơi anh làm việc. Ngày đó, cho dù Hà Nhiễm không thấy rõ mặt anh, nhưng giọng nói và từng cử chỉ của anh đã để lại cho cô ấn tượng sâu sắc. Vậy nên, Hà Nhiễm khi đó đã bất chấp tất cả mà một thân một mình tìm đến vùng Tiêu Châu hẻo lánh xa xôi chỉ để có thể gặp lại người đàn ông ấy.</p><p style=\"text-align: justify;\">Hà Nhiễm cảm thấy Tiêu Hàn đối với những người xung quanh thật thờ ơ và xa cách, nhưng ẩn sâu trong đôi mắt đen lạnh lùng ấy dường như lại là cả một vùng trời quá khứ bi thương. Cô muốn vén màn quá khứ của anh, muốn biết rằng điều gì có thể khiến cho đôi mắt của một người đàn ông trở nên u buồn nhường ấy.</p><p style=\"text-align: justify;\">Vậy là, trái tim Tiêu Hàn tưởng như đã khép chặt, lại vì Hà Nhiễm mà mở ra thêm một lần nữa.</p><p style=\"text-align: justify;\">Trong mắt Tiêu Hàn, Hà Nhiễm có lúc rất ngây thơ, có lúc lại tỏ ra trưởng thành trước tuổi. Có lúc cô giống như một chú mèo nhỏ ngoan ngoãn, có lúc lại rất tinh quái, khó chiều. Nhưng chỉ cần là Hà Nhiễm, thì cho dù cô có là người như thế nào đi chăng nữa, Tiêu Hàn anh vẫn sẽ luôn dang tay ôm cô vào lòng.</p>',0,16,424,150000,'2024-09-08','anh-ung-giua-ngan-hoa-ha-ruc-ro',1,10,2.4,'Anh Đứng Giữa Ngàn Hoa Hạ Rực Rỡ',465,24,'b504cc66-22c4-46cd-8eb0-203f1887d5b1','c8b73e85-de73-427e-9360-64e9df01377b','fa81e3eb-624a-472e-8334-2edb6d98388d'),('54ed4ff9-0e31-4dc6-9e4f-df4df60812a0','2025-11-01 08:39:37.555839','<p><strong>Mưa Đỏ</strong></p><p style=\"text-align: justify;\">Những miền cảm xúc đan xen giữa nụ cười - nước mắt, nỗi đau - niềm vui, sự sống - cái chết, những thăng hoa - mất mát, sự hy sinh của những người cha, người chồng, người con, những người lính, những đồng chí, đồng đội đã không tiếc máu xương trong cuộc chiến đấu 81 ngày đêm bảo vệ thành Cổ Quảng Trị, bảo vệ Tổ quốc với những gian khổ, thiểu thốn lẫn những mất mát đau thương. Đó là một tiểu đội có 7 người lính với 7 tính cách, số phận, suy nghĩ và xuất thân khác nhau. Có người lãng tử, có người bộc trực, có anh lính nhút nhát, có anh lính gan dạ nhưng hơn tất cả họ là một gia đình, luôn có nhau dù đang giữa ranh giới mong manh sự sống và cái chết cận kề.</p>',0,14,334,185000,'2025-04-05','mua-o',1,15,1.6,'Mưa Đỏ',350,22,'6a72820d-63df-4b5c-a1a2-2d7612885ef5','0917517e-80e1-4f92-aafb-f8526efe56e0','096a7376-84cb-46f2-9a17-6823684057d5'),('658858f3-3265-4009-a6c1-d11c06215d8d','2025-10-22 10:34:59.759625','<p style=\"text-align: justify;\"><strong>Hồi Ký Alex Ferguson</strong></p><p style=\"text-align: justify;\">Hồi ký Ferguson là câu chuyện đấy ấn tượng về con người được thừa nhận rộng rãi là huấn luyện viên xuất sắc nhất trong lịch sử bóng đá Liên hiệp Anh.</p><p style=\"text-align: justify;\">Cuốn sách đầy ắp các câu chuyện thú vị và những quan điểm thẳng thắn, không khoan nhượng, theo đó câu chuyện của vị HLV tài ba này bắt đầu từ Govan, một thị trấn đóng tàu tại Glasgow, trải dài qua một sự nghiệp huấn luyện vô cùng lừng lẫy, với cúp châu Âu lần đầu tiên cho CLB Aberdeen và 27 năm thành công với Manchester United.</p><p style=\"text-align: justify;\">Trong một phần tư thế kỷ tại Manchester United đã có vô số thay đổi khi CLB bóng đá này phát triển thành một thế lực thể thao mang tầm thế giới. Tuy nhiên, vẫn có những thứ không hề thay đổi, đó là vị HLV trưởng Alex Ferguson, chất lượng hàng đầu của đội bóng, cùng hàng loạt thành công trong thi đấu, nổi bật là việc đoạt chức vô địch Champions League lần thứ hai năm 2008 và chức vô địch Premier League năm 2013.</p><p style=\"text-align: justify;\">Chính bởi tầm nhìn xa trông rộng, năng lượng dồi dào và những kỹ năng huấn luyện tuyệt vời mà Sir Alex đã có thể xây dựng được các đội hình thành công của ông tại MU, cả khi thi đấu lẫn khi tập luyện. Trong tác phẩm này, bằng phong cách hấp dẫn và sâu sắc, Sir Alex Ferguson kể lại cho chúng ta câu chuyện về việc ông đã đào tạo được một đội ngũ tài năng, gồm những chàng trai như Ryan Giggs, David Beckham, Nicky Butt, Paul Scholes và anh em nhà Neville như thế nào.</p><p style=\"text-align: justify;\">Là một HLV với kỹ năng huấn luyện xuất chúng, Sir Alex Ferguson luôn thể hiện sự chăm sóc, động viên nhưng vẫn rất nghiêm khắc, cứng rắn khi làm việc với những danh thủ hàng đầu tại MU như Ryan Giggs, Roy Keane, Eric Cantona và Ruud van Nistelrooy, hay khi đối xử với những ngôi sao tầm thế giới như Cristiano Ronaldo và David Beckham, những người xem ông như một người cha tinh thần.</p><p style=\"text-align: justify;\">Ngoài ra, cuốn hồi ký còn dành nhiều trang nói về mối “thâm thù” trong bóng đá giữa Manchester United và những đại kình địch như Liverpool, Arsenal, Chelsea hay gần đây là Manchester City. Với nét hóm hỉnh, đôi khi cay độc, tác giả cũng kể về mối quan hệ đầy cạnh tranh và sóng gió với những đồng nghiệp nổi danh như Arsène Wenger và José Mourinho.</p><p style=\"text-align: justify;\">Tuy cả tâm lý huấn luyện và chiến lược bóng đá đỉnh cao đều là những vấn đề chuyên môn không dễ giải thích, nhưng khó ai có thể trình bày chúng với ngôn ngữ trong sáng, thú vị và giản dị đối với độc giả thông thường như tác giả cuốn hồi ký này.</p><p style=\"text-align: justify;\">Ngoài bóng đá, Sir Alex Ferguson có cuộc sống gia đình rất đầm ấm và hạnh phúc, ông cũng duy trì nhiều sở thích khác như xem đua ngựa, đọc sách v.v… Cuộc sống của vị HLV tài ba này quả thật vô cùng hấp dẫn và phong phú.</p><p style=\"text-align: justify;\">Hồi ký Alex Ferguson là cuốn sách chứa đựng nhiều bất ngờ được hé lộ, được viết vô cùng hấp dẫn, và trên hết, cực kỳ truyền cảm hứng cho người đọc.</p>',0,15.5,150,165500,'2004-04-05','hoi-ky-alex-ferguson-tai-ban-2024',1,15,1.8,'Hồi Ký Alex Ferguson (Tái Bản 2024)',482,23,'4c392248-abaa-4450-afa6-0810a2a9eddc','88a2951f-b6b3-4bc9-a62a-6b6f188561c6','348624ac-119c-48c9-9e49-5e4605ca7ac7'),('83f2d77c-15b6-49c1-984b-5e672e8c40f5','2025-11-01 08:36:27.322486','<p><strong>Lịch Sử Việt Nam Bằng Tranh - Hai Bà Trưng </strong></p><p style=\"text-align: justify;\">Một ngày mùa xuân năm Canh Tý (tức năm 40 sau Công nguyên), trên cửa sông Hát, nghĩa quân bạt ngàn đứng kín cả các cánh bãi bồi, dưới sông neo dài những đoàn chiến thuyền với những chiến binh tay rìu tay giáo đang đứng tề chỉnh, mắt hướng về đàn tế dựng giữa trung quân. Trong tiếng trống, tiếng chiêng, tiếng ngựa hí, voi rống vang động, Hai Bà Trưng làm lễ tế cáo trời đất, ra quân giết giặc cứu nước.</p><p style=\"text-align: justify;\">Trước đó, có người khuyên Trưng Trắc mặc tang phục để làm lễ xuất quân, nhưng Trưng Trắc đã khảng khái trả lời: “Mặc áo tang sẽ làm mất nhuệ khí binh sĩ”. Trong bộ giáp binh sáng lấp lánh, Trưng Trắc long trọng thề:<br>“Một xin rửa sạch nước nhà,<br>Hai xin đem lại nghiệp xưa họ Hùng.<br>Ba kẻo oan ức lòng chồng,<br>Bốn xin vẻn vẹn sở công lênh này”.</p>',0,15.5,92,60000,'2023-02-01','lich-su-viet-nam-bang-tranh-hai-ba-trung',1,28,0.6,'Lịch Sử Việt Nam Bằng Tranh - Hai Bà Trưng ',159,23,'99676771-6146-40b3-bf8b-64fe35b47e0e','11e0e1fa-dc14-4db7-9faa-fa644bba55cf','348624ac-119c-48c9-9e49-5e4605ca7ac7'),('878839e5-198d-48eb-875a-3afdc0131062','2025-11-01 08:55:00.623895','<p><strong>Tập Nhìn Đời Bằng Đôi Mắt Sáng Trong</strong></p><p style=\"text-align: justify;\"><strong>GIỚI THIỆU SÁCH</strong></p><p style=\"text-align: justify;\"><em>Tập nhìn đời bằng đôi mắt sáng trong</em> là cuốn sách dịu dàng như một buổi sớm trong trẻo, nơi bạn có thể tạm gác lại mọi muộn phiền và lắng nghe chính mình. Qua từng lời văn và câu thơ nhẹ nhàng, êm dịu trong cuốn sách, tác giả Seunghwan Jeon - một “chuyên gia trị liệu bằng sách” - đã trao đi những lời an ủi, chân thành và sâu sắc, đưa bạn trở về với chính mình, tạo dựng cho bạn niềm tin vững vàng để xây dựng lại cuộc sống, cùng lòng can đảm và hy vọng tươi sáng để bắt đầu lại, bất kể bạn là ai, ở đâu hay làm gì. Đây sẽ là món quà tinh thần dành cho những tâm hồn đang tổn thương, giúp bạn học cách nhìn cuộc đời bằng đôi mắt sáng trong và tràn đầy hy vọng.</p><p style=\"text-align: justify;\"><em>“Chúc bạn luôn được yêu thương bất kể bạn là ai, được bình an ở bất cứ nơi nào bạn đến, được hạnh phúc bất kể bạn gặp ai, được vui vẻ bất kể bạn làm gì, và cuối cùng, mong mọi việc bạn làm đều thuận lợi.”</em></p><p style=\"text-align: justify;\"><strong>MỘT SỐ TRÍCH DẪN SÁCH HAY:</strong></p><p style=\"text-align: justify;\">“Dù mỗi ngày mới bạn thức dậy,</p><p style=\"text-align: justify;\">Không phải lúc nào cũng sáng tươi, đẹp đẽ</p><p style=\"text-align: justify;\">Đôi khi sẽ do dự, đôi khi lạc lối</p><p style=\"text-align: justify;\">Nhưng trong nỗi đau, nụ cười vẫn nở</p><p style=\"text-align: justify;\">Trong nỗi buồn, niềm vui vẫn sinh sôi</p><p style=\"text-align: justify;\">Mong bạn cuối cùng sẽ tìm ra con đường hạnh phúc.”</p><p style=\"text-align: justify;\">“Nếu hôm nay bạn hạnh phúc, tôi mong bạn sẽ hạnh phúc hơn nữa,</p><p style=\"text-align: justify;\">Nếu bạn không hạnh phúc, tôi mong ngày mai của bạn sẽ tốt hơn ngày hôm nay.”</p><p style=\"text-align: justify;\">“Hãy kiên trì để bình thản vượt qua vô vàn can thiệp</p><p style=\"text-align: justify;\">Hãy can đảm để mạnh dạn đi tìm con đường của riêng mình</p><p style=\"text-align: justify;\">Hãy thận trọng để biết khi nào cần tập trung và không bị sao nhãng.”</p><p style=\"text-align: justify;\">“Mặt trời rạng rỡ chiếu sáng bạn,</p><p style=\"text-align: justify;\">Cơn mưa dịu dàng khóc vì bạn,</p><p style=\"text-align: justify;\">Và màn đêm lặng lẽ lắng nghe câu chuyện của bạn.”</p><p style=\"text-align: justify;\"><strong>GIỚI THIỆU TÁC GIẢ</strong></p><p style=\"text-align: justify;\"><strong>Seunghwan Jeon</strong></p><p style=\"text-align: justify;\">Một “chuyên gia trị liệu bằng sách”, dùng sức mạnh đồng cảm và an ủi trong câu chữ để chữa lành trái tim của những tâm hồn mệt mỏi.</p>',0,14.5,224,115000,'2025-04-05','tap-nhin-oi-bang-oi-mat-sang-trong',1,14,1.1,'Tập Nhìn Đời Bằng Đôi Mắt Sáng Trong',240,20.5,'6562625d-ebdf-4fc1-a87a-0d44eb3a2dee','b6e308f8-45e9-4123-8ae3-e88237a16136','b83abea0-3d3c-4309-a60a-35be9ee92abe'),('8d8fd0fe-7808-430f-82e5-bf0072c9adfd','2025-11-01 08:32:16.701125','<p><strong>Hồi Kí Về Bác Hồ - Gần Bên Bác Và Học Ở Bác </strong>tuyển chọn lời kể của một số cán bộ cảnh vệ, cận vệ được bảo vệ, kề cận Bác trong các chiến dịch kháng chiến hoặc khi Người ở tại Phủ Chủ tịch. Cùng với đó là ấn tượng sâu sắc của những nhà lãnh đạo các bộ, ngành về Bác khi được Người chỉ dạy cách tư duy, làm việc và phục vụ nhân dân.</p><p style=\"text-align: justify;\">Từ rất sớm, ngay sau thành công của Cách mạng tháng Tám, Bác đã luôn quan tâm, động viên các chị em phụ nữ và các cháu thiếu niên, nhi đồng phải mạnh mẽ, độc lập, hết mình vươn lên và chứng minh sức lực, tiềm năng lớn lao của mình. Sự quan tâm này của Người thể hiện trong một góc hồi tưởng nhỏ của những vị nữ tướng, nữ cán bộ, các em thiếu niên vừa học vừa làm ở phần II của tập sách.</p><p style=\"text-align: justify;\"><em>“Nhớ lại Hà Nội thời chống Mĩ, cuối buổi làm việc thứ ba trong ngày, gần 23 giờ, mọi người ra về cùng vợ con, gia đình, nhà sàn của Bác vẫn chiếu ra ánh đèn, nơi ấy có lần Bác bảo đồng chí giúp việc dẫu đã khuya cũng đừng tắt đài đi, cứ để đấy có tiếng người cho đỡ vắng. Bác đã nghĩ gì trước những lưỡi lửa chiến khu và trong ánh đèn Hà Nội, về những công việc hằng ngày, về những con người quanh mình, về dân tộc, về thế giới, về cái mênh mang sâu thẳm của đời người?”-</em><strong> VIỆT PHƯƠNG</strong></p><p style=\"text-align: justify;\"><em>“Hồ Chí Minh là tượng trưng cho những giá trị cao đẹp trong quan hệ giữa con người với con người: Kính già, yêu trẻ, tôn trọng phụ nữ. Người quan tâm nhưng lại không xót một ai, hi sinh cho tất cả, nhưng lại không màng chút danh lợi nào cho bản thân. Suốt đời Người sống khiêm tốn, giản dị, thanh bạch, tao nhã.” </em>- ĐẠI TƯỚNG <strong>VÕ NGUYÊN GIÁP</strong></p><p style=\"text-align: justify;\">Chủ tịch Hồ Chí Minh đã ra đi tròn 55 mùa xuân, song kí ức về Người vẫn luôn sống động, vẹn nguyên trong lời kể của nhiều tầng lớp nhân dân từng được tiếp xúc và đồng hành cùng Người, dù trong phút giây rất ngắn hay chặng đường dài. Rất nhiều lời kể đó đã và đang tiếp tục được tập hợp, biên soạn thành những cuốn sách, dày dặn có, nhỏ gọn có để trao tới tay lớp lớp người đọc, để ai cũng có thể hình dung một Hồ Chí Minh sao thân thuộc, đời thường, gần gũi mà đáng kính.</p><p style=\"text-align: justify;\">Năm 2009, nhân dịp 40 năm thực hiện di chúc của Bác, Nhà xuất bản Kim Đồng đã tiến hành biên soạn một bộ sách gồm 06 cuốn sách lấy đề tài như vậy, với mong muốn trao gửi tới đối tượng bạn đọc thiếu niên nhi đồng của nhà xuất bản những câu chuyện giản dị, ý nghĩa, hàm chứa nhiều điều bình dị mà lớn lao về vị lãnh tụ của dân tộc. Tới nay, sau 15 năm xuất bản, bộ sách được tái bản với hình thức, bố cục mới, gồm 02 tập: <em>Hồi Kí Về Bác Hồ - Gần Bên Bác Và Học Ở Bác </em>và <em>Hồi Kí Về Bác Hồ - Mãi Nhớ Ơn Người.</em></p>',0,13,168,65000,'2024-02-09','hoi-ki-ve-bac-ho-gan-ben-bac-va-hoc-o-bac',1,25,0.8,'Hồi Kí Về Bác Hồ - Gần Bên Bác Và Học Ở Bác',165,19,'99676771-6146-40b3-bf8b-64fe35b47e0e','11e0e1fa-dc14-4db7-9faa-fa644bba55cf','8028ea2e-e127-40a7-a915-b94eb698862b'),('a2a08154-f627-4d5b-9a83-71e61ef66b83','2025-11-01 09:00:58.917095','<p><strong>Tommy Kể Chuyện - Vượt Khủng Hoảng</strong></p><p style=\"text-align: justify;\"><strong>‘Tommy kể chuyện - Vượt khủng hoảng’: 5 cuộc khủng hoảng trong đời người</strong></p><p style=\"text-align: justify;\"><strong>Trong hành trình đời người, sẽ có những thời điểm mà mọi thứ quanh ta tưởng chừng như sụp đổ. Đó có thể là khủng hoảng nợ nần, thất bại, mất mát người thân, chia tay một mối tình sâu đậm, hay những khoảng trống vô hình của cô đơn và trầm cảm.</strong></p><p style=\"text-align: justify;\">Phản ứng tự nhiên của con người thường là né tránh hoặc chối bỏ những điều khiến ta đau khổ. Nhưng Vũ Hiếu, qua cuốn sách “Tommy kể chuyện – Vượt khủng hoảng”, lại nhẹ nhàng chỉ ra rằng khủng hoảng không phải dấu chấm hết mà là một bước ngoặt để ta tái sinh mạnh mẽ hơn.</p><p style=\"text-align: justify;\">Vũ Hiếu ví khủng hoảng như những cơn sóng. Nếu ta đối diện đúng cách, nó chỉ là một đợt kiểm tra, giúp ta trưởng thành. Nhưng nếu ta phản ứng sai lầm như hoảng loạn hay né tránh, sẽ khiến cơn sóng trở nên nguy hiểm. Bởi lẽ, không phải khủng hoảng quyết định số phận, mà cách ta phản ứng với nó mới là điều tạo nên khác biệt.</p><p style=\"text-align: justify;\">Tác giả nhấn mạnh: “Khủng hoảng là một bước ngoặt, một lời mời gọi để ta bước vào hành trình trưởng thành sâu sắc hơn, một cơ hội để ta gặp lại bản thể mạnh mẽ, tự do và sáng rực nhất trong chính mình”.</p><p style=\"text-align: justify;\">“Tommy kể chuyện – Vượt khủng hoảng” được chia thành năm chương, tương ứng với năm loại khủng hoảng mà hầu hết chúng ta đều phải đối mặt trong đời: Khủng hoảng nợ nần, Khủng hoảng tâm lý, Khủng hoảng tình cảm, Khủng hoảng tuổi trưởng thành, Khủng hoảng từ mất mát. Điểm sáng nằm ở chỗ tác giả không chỉ kể lại những biến cố, mà còn từng bước giải thích, phân tích nguyên nhân và cách để vượt qua. Những nguyên tắc như “đối mặt, không sợ hãi”, “giữ tâm bình lặng như la bàn”, hay “thay đổi cách nhìn” vừa giản dị vừa thực tế để bất kỳ ai cũng có thể áp dụng.</p><p style=\"text-align: justify;\">Trong cuốn sách này, Vũ Hiếu không dạy bạn cách né tránh dông bão, cũng không tô vẽ một con đường màu hồng như “chỉ cần cố gắng rồi mọi thứ sẽ ổn”. Thay vào đó, tác giả sẽ cùng bạn ngồi lại, nhẹ nhàng mở ra từng vết thương, lắng nghe từng nỗi đau, chia sẻ từng nỗi mất mát và rồi từng bước chậm rãi mà vững chắc vượt qua khủng hoảng.</p><p style=\"text-align: justify;\">Vũ Hiếu là một người đã từng nhiều lần ngã xuống và tập tễnh đứng dậy bước tiếp. Do đó, mọi thứ anh chia sẻ trong “Tommy kể chuyện – Vượt khủng hoảng” không chỉ là câu chuyện mà còn là bài học và chiêm nghiệm được đúc kết từ những khó khăn mà Vũ Hiếu đã vượt qua. Để rồi khi đóng sách lại, những trải nghiệm ấy – thất bại, sai lầm, suy sụp cho đến hy vọng – sẽ đánh thức bạn quay về với chính mình. Và bạn sẽ nhận ra rằng, thay vì chờ đợi một phép màu đến từ bên ngoài, phép màu thật sự sẽ nảy sinh từ bên trong – từ một tâm hồn đủ bình an, sáng suốt để nhìn ra giải pháp, hành động đúng đắn và thu hút đúng cơ hội.</p><p style=\"text-align: justify;\">Như Vũ Hiếu đã đúc kết: “Vượt khủng hoảng không phải là chiến thắng thế giới bên ngoài, mà là chiến thắng những giới hạn nhỏ hẹp trong tâm hồn mình. Là vượt qua nỗi sợ hãi, sự tuyệt vọng, lòng ích kỷ, sự yếu mềm... để trở thành phiên bản kiên cường nhất, tự do nhất, trong mọi hoàn cảnh”.</p><p style=\"text-align: justify;\">Trong một thế giới ngày càng bất định với nhiều biến cố bất ngờ, “Tommy kể chuyện – Vượt khủng hoảng” như một chỗ dựa giúp bạn vững chãi hơn trước những chông chênh, mất mát hoặc những cú sốc lớn trong đời. Suy cho cùng, ta không thể quyết định được cuộc đời sẽ ném gì về phía mình, điều ta có thể làm là học cách ôm lấy chính mình và trân trọng cả những vết sẹo mà ta đang mang.</p><p style=\"text-align: justify;\"><strong>Về tác giả</strong></p><p style=\"text-align: justify;\">Vũ Hiếu là tác giả của những cuốn sách “Tommy kể chuyện – Tìm thấy mình”, “Tommy kể chuyện – Sống tỉnh thức” và “Tommy kể chuyện – Vượt khủng hoảng”. Anh không tiết lộ quá nhiều thông tin cá nhân, mà chỉ cho biết mình là một người làm kinh doanh, từng có được những vinh quang nhưng cũng từng rơi xuống vực sâu. Anh viết cuốn sách này với hy vọng thông qua những câu chuyện trong sách sẽ giống như tấm gương dịu dàng không phán xét, mà chỉ soi chiếu giúp cho bạn có thể hiểu rõ về chính mình và yêu thương bản thân nhiều hơn.</p>',0,13,272,210000,'2025-04-05','tommy-ke-chuyen-vuot-khung-hoang',1,15,1.3,'Tommy Kể Chuyện - Vượt Khủng Hoảng',240,20.5,'5f405c0d-1379-4f87-b4d5-813c9624a165','b6e308f8-45e9-4123-8ae3-e88237a16136','b83abea0-3d3c-4309-a60a-35be9ee92abe'),('aa4a3c6e-3fc2-48c4-89d0-3a2351f8f66b','2025-11-01 08:49:15.159383','<p>Sinh mệnh giống như chiếc đồng hồ cát được ấn nút tạm dừng, cuối cùng anh cũng đã thấy được khuôn mặt người mình yêu thương cả đời. Cô vẫn dừng chân ở tuổi ba mươi, cô tựa vào lòng anh khóc lóc nũng nịu:</p><p style=\"text-align: justify;\">“Nguyễn Chính Ý, em vẫn luôn ở bên anh, chưa có giây phút nào rời xa,</p><p style=\"text-align: justify;\">đồ ngốc, tại sao anh không chịu tái hôn, em hy vọng anh tái hôn, hy vọng anh có con cháu đầy đàn, hy vọng anh một đời bình an, sao anh lại ngốc như vậy?”</p><p style=\"text-align: justify;\">Bàn tay bị cắm kim truyền đưa lên vuốt tóc cô. “Tô Uyển Uyển, cuộc đời này có em, anh không còn gì hối tiếc. Dù không được bên nhau dài lâu, nhưng hồi ức giữa chúng ta đã đủ để anh sống hết đời này.”</p>',0,14.5,204,87000,'2024-08-09','sau-khi-toi-chet-anh-ay-khong-cuoi-them-ai-nua',1,12,1,'Sau Khi Tôi Chết, Anh Ấy Không Cưới Thêm Ai Nữa',220,20.5,'58eefde2-009a-4c94-a4d2-0550fee079ef','c8b73e85-de73-427e-9360-64e9df01377b','b264d51f-a84a-4745-a344-2eac6643581a'),('b109d7f1-7462-4ae0-a4b1-6ca07ae4222a','2025-11-01 09:27:35.732461','<p><strong>Bác Hồ Viết Di Chúc Và Di Chúc Của Bác Hồ</strong></p><p style=\"text-align: justify;\"><strong><em>“Bác Hồ viết di chúc và di chúc của Bác Hồ”</em></strong> là cuốn hồi kí quý giá của tác giả Vũ Kỳ kể về những ngày tháng được sống và làm việc cùng Bác.</p><p style=\"text-align: justify;\">Phần sau cuốn sách là Di chúc của Chủ tịch Hồ Chí Minh và bút tích di chúc của Người.</p><p style=\"text-align: justify;\">Cuốn sách cũng giới thiệu toàn bộ nội dung thông báo của Bộ Chính trị, Ban Chấp hành Trung ương Đảng Cộng sản Việt Nam về một số vấn đề liên quan đến Di chúc và ngày qua đời của Chủ tịch Hồ Chí Minh.</p><p style=\"text-align: justify;\">“Di chúc của Người là tài sản tinh thần vô giá, mãi mãi khắc sâu trong tâm khảm mỗi người dân Việt Nam, mỗi cán bộ, đảng viên, mãi mãi soi sáng con đường đi tới vinh quang và thắng lợi của dân tộc ta, Đảng ta.”</p><p style=\"text-align: justify;\">(Nông Đức Mạnh - Nguyên Tổng Bí thư Ban Chấp hành Trung ương Đảng Cộng sản Việt Nam).</p><p style=\"text-align: justify;\"><strong>---</strong></p><p style=\"text-align: justify;\"><em>“Điều mong muốn cuối cùng của tôi là: Toàn Đảng, toàn dân ta đoàn kết phấn đấu, xây dựng một nước Việt Nam hoà bình, thống nhất, độc lập, dân chủ và giàu mạnh, và góp phần xứng đáng vào sự nghiệp cách mạng thế giới”.</em></p><p style=\"text-align: justify;\">(Trích <strong>DI CHÚC</strong> của Chủ tịch Hồ Chí Minh. Hà Nội, ngày 10.5.1969)</p><p style=\"text-align: justify;\"><em>“Đọc bản Di chúc chúng ta cảm nhận tấm lòng, tình cảm thiêng liêng, bao la của Bác. Trong trái tim của Bác dường như có chỗ cho tất cả mọi người”</em>. – Thủ Tướng <strong>Phạm Văn Đồng</strong></p><p style=\"text-align: justify;\"><strong>MỜI CÁC BẠN TÌM ĐỌC “TỦ SÁCH BÁC HỒ”</strong></p><p style=\"text-align: justify;\">- Từ làng Sen</p><p style=\"text-align: justify;\">- Búp sen xanh</p><p style=\"text-align: justify;\">- Thầy giáo Nguyễn Tất Thành ở trường Dục Thanh</p><p style=\"text-align: justify;\">- Cha và con</p><p style=\"text-align: justify;\">- Theo chân Bác</p><p style=\"text-align: justify;\">- Tấm chân dung Bác Hồ</p><p style=\"text-align: justify;\">- Nhật kí trong tù</p><p style=\"text-align: justify;\">- Bác Hồ viết Tuyên ngôn Độc lập</p><p style=\"text-align: justify;\">- Bác Hồ viết Di chúc</p><p style=\"text-align: justify;\">- Bác Hồ kính yêu</p><p style=\"text-align: justify;\">- Suốt đời học Bác</p><p style=\"text-align: justify;\">- Những thiếu nhi bên Bác ngày ấy</p><p style=\"text-align: justify;\">- Thư kí Bác Hồ kể chuyện</p><p style=\"text-align: justify;\">- Hồi kí về Bác Hồ (2 tập)</p><p style=\"text-align: justify;\">- Bác Hồ sống mãi (5 tập)</p><p style=\"text-align: justify;\">- Kể chuyện Bác Hồ</p><p style=\"text-align: justify;\">- Bác Hồ của chúng em</p>',5000,13,204,45000,'2025-04-05','bac-ho-viet-di-chuc-va-di-chuc-cua-bac-ho',1,4,1,'Bác Hồ Viết Di Chúc Và Di Chúc Của Bác Hồ',225,19,'99676771-6146-40b3-bf8b-64fe35b47e0e','11e0e1fa-dc14-4db7-9faa-fa644bba55cf','8028ea2e-e127-40a7-a915-b94eb698862b'),('bec5b538-0bc2-4ae3-aa65-deb202e75e9a','2025-11-01 09:09:34.488099','<p><strong>Tâm Lý Học Cho Lứa Tuổi 30</strong></p><p style=\"text-align: justify;\">30 đã là người lớn chưa?</p><p style=\"text-align: justify;\">Sao lòng bạn vẫn đầy âu lo và dao động?</p><p style=\"text-align: justify;\">Cuốn sách cung cấp phương pháp phát triển nội lực với những lời khuyên thực tế của chuyên gia tâm lý từ trường Đại học Colombia nhằm giúp cân bằng cuộc sống.</p><p style=\"text-align: justify;\">Tuổi 30 ngày nay không còn giống tuổi 30 ngày xưa. Đến tuổi này, nếu bạn vẫn chưa ổn định về kinh tế hay về tinh thần thì bạn sẽ vẫn như thuở 20, đầy hoang mang và mơ hồ trước cuộc đời. Tác giả cũng từng trải qua giai đoạn cô đơn và lạc lối như thế. Nhưng nhờ được học ngành tâm lý học mà cô hiểu được nguyên nhân khiến tâm trí bấn loạn không đến từ môi trường bên ngoài hay từ những người xung quanh, mà chính là do cảm giác xa lạ với chính mình. Chỉ sau khi cô đọc vị những cảm xúc ẩn giấu sâu bên trong và gần gũi hơn với nội tâm thì cô mới cải thiện được mối quan hệ với bản thân, với người khác, và thậm chí cả công việc mình đang làm.</p><p style=\"text-align: justify;\">Với nền tảng lý luận về tâm lý học, cùng những kinh nghiệm thực tiễn khi tư vấn cho khách hàng, tác giả viết cuốn sách “Tâm lý học cho lứa tuổi 30” này nhằm giúp những người trưởng thành nắm bắt được những kiến thức về tâm lý học hỗ trợ họ sống được cuộc đời như mình mong muốn với một nội tâm vững chãi. Những lời khuyên nhẹ nhàng và thiết thực trong cuốn sách sẽ giúp giải đáp những trăn trở của con người hiện đại về bản thân, công việc, các mối quan hệ, từ đó giúp họ tự chữa lành và có thêm sức mạnh.</p>',0,13,220,97000,'2025-04-05','tam-ly-hoc-cho-lua-tuoi-30',1,15,1.1,'Tâm Lý Học Cho Lứa Tuổi 30',240,20.5,'acde5dc3-b0ad-424e-b758-9bef2e7feb34','5ba86378-b34b-4ffb-841f-4ecef18d06d4','348624ac-119c-48c9-9e49-5e4605ca7ac7'),('c1dc457a-2ecf-43a3-87cc-96a0fc8095c9','2025-10-19 12:03:14.251688','<p style=\"text-align: justify;\">“Ước mơ của mẹ là gì?”</p><p style=\"text-align: justify;\">“Thì cho chúng mày ăn học đàng hoàng, đầy đủ để mai sau đỡ khổ.”</p><p style=\"text-align: justify;\">“Không, ước mơ khác cơ.”</p><p style=\"text-align: justify;\">“Mai sau chúng mày lập gia đình, chọn được đúng người, vợ chồng yêu thương nhau.”</p><p style=\"text-align: justify;\">“Ước mơ dành riêng cho bản thân mẹ cơ mà.”</p><p style=\"text-align: justify;\"><strong>“MẸ THÌ LÀM GÌ CÓ ƯỚC MƠ.”</strong></p><p style=\"text-align: justify;\">Bạn có bao giờ hỏi ước mơ của bố mẹ là gì? Hoặc dù có hỏi bố mẹ cũng chỉ trả lời qua loa như “Làm gì có…”. Nhưng bạn biết không, làm gì có ai trên thế giới này không có ước mơ cơ chứ, chỉ là ước mơ của bố mẹ chúng ta được cất giấu rất sâu trong tim và đánh đổi bằng nụ cười của những đứa con mà thôi.</p><p style=\"text-align: justify;\">Tại sao mẹ lại chẳng có nổi một ước mơ cho riêng mình? Phải chăng gánh vai mẹ đã quá mỏi mệt với cơm áo gạo tiền, với những bữa ăn và học phí của con.</p><p style=\"text-align: justify;\">À không, mẹ có ước mơ đấy chứ. Mẹ ước mơ có một người bố, rồi mẹ cho nó cả một gia đình. Mẹ ước mơ được tới trường, nên mẹ cho nó học con chữ. Mẹ ước mơ được một bữa no, nên dẫu có phải đi làm vất vả khổ cực đến đâu mẹ cũng cho nó được bữa cơm ngon. Chỉ khác một điều, ước mơ của mẹ là các con mất rồi.</p><p style=\"text-align: justify;\">Đó là hình ảnh của MẸ mà bạn sẽ bắt gặp trong “Mẹ làm gì có ước mơ”. Tựa một thước phim quay chậm đưa bạn trở lại những ngày bé thơ, dưới vòng tay chai sạn nhưng đầy ấm áp của mẹ. Khi tạm cất ước mơ của mình sang một bên, ước mơ của mẹ “hóa ra con từ bao giờ” và “thế giới của mẹ chính là con”. Bố mẹ đã dồn hết khả năng của mình, dành cho con những gì tốt nhất để con được thực hiện ước mơ.</p><p style=\"text-align: justify;\">Chúng ta đừng chỉ mải chạy theo ước mơ của mình mà quên mất những người đã hy sinh cả cuộc đời để mình có cơ hội thực hiện ước mơ ấy. Có thể gọi điện về nhà thường xuyên hơn, hoặc nếu có thể, hãy trở về nhà nếu đã đi đủ lâu. Đó là những điều mà Hạ Mer muốn gửi gắm đến bạn qua “Mẹ làm gì có ước mơ”.</p><p style=\"text-align: justify;\">Hy vọng cuốn sách sẽ giúp bạn thêm trân quý từng khoảnh khắc bên cạnh những người mà mình yêu thương.</p>',0,13,208,72000,'2023-04-05','me-lam-gi-co-uoc-mo',1,1,1.5,'Mẹ Làm Gì Có Ước Mơ',190,20.5,'22e0de66-c516-43d7-adb7-339dc5b6f5f1','dd04247c-bb76-4d19-acaf-3a367f4525f5','fdf8f890-fcd5-4c18-a0a0-b32190e4ae19'),('c51513b9-8a12-4464-8197-d72702662c1e','2025-10-19 14:54:47.347195','<p style=\"text-align: justify;\"><strong>Quái Vật Ickabog</strong></p><p style=\"text-align: justify;\">Thật xa thật xa về phương Bắc của vương quốc Cornucopia hạnh phúc, no ấm với những thứ bánh ngọt ngon nhất, những loại phô mai tuyệt hảo nhất và rượu vang hảo hạng nhất - là vùng đầm lầy Marshlands nghèo đói, xác xơ, với truyền thuyết về quái vật Ickabog.</p><p style=\"text-align: justify;\">Một câu chuyện đáng sợ mà người lớn dùng để dọa bọn trẻ con trước giờ đi ngủ, hay lúc chúng phá phách, rằng quái vật Ickabog sẽ đến và bắt chúng đi.</p><p style=\"text-align: justify;\">Nhưng rồi truyền thuyết “dường như” trở thành hiện thực, những câu chuyện về sự đáng sợ của Ickabog lan ra khắp vương quốc. Nó tấn công nhà vua của họ! Nó đã giết chết không chỉ một, mà đến hai cận vệ của nhà vua! Nó đột nhập vào nhà người bán rượu, phá nát căn nhà và bắt theo cả gia đình họ! Nó hung hăng, và nó đang không ngừng sinh sôi!</p><p style=\"text-align: justify;\">“Những con quái vật mà chúng ta tưởng tượng ra nói lên điều gì về chính chúng ta? Điều gì phải xảy ra để cái ác có cơ hội chiếm lấy một con người, hoặc một đất nước, và cần gì để đánh bại nó? Tại sao con người lại chọn tin vào những lời dối trá, dù bằng chứng thì mơ hồ hoặc không tồn tại?” - J.K.Rowling</p><p style=\"text-align: justify;\">Quái vật Ickabog là một câu chuyện cổ tích ấm áp, rằng ngay cả trong thời kỳ đen tối nhất, chỉ cần ta có niềm tin, lòng can đảm và tình yêu thương, thì tia nắng đầu ngày rồi cũng sẽ chiếu rọi, và mọi khó khăn rồi sẽ qua đi.</p>',25000,13,384,160000,'2025-04-05','quai-vat-ickabog',1,20,1.9,'Quái Vật Ickabog',340,20,'6a72820d-63df-4b5c-a1a2-2d7612885ef5','0917517e-80e1-4f92-aafb-f8526efe56e0','348624ac-119c-48c9-9e49-5e4605ca7ac7'),('ca6c2151-b0e3-428f-a5a3-88d049ea72e1','2025-11-01 09:19:23.149703','<p><strong>“Con người chơi đùa với bi kịch vì họ không tin vào hiện thực rằng bi kịch đang thực sự diễn ra trong thế giới văn minh.”</strong></p><p style=\"text-align: justify;\"><strong>—Joses Ortega y Gasset</strong></p><p style=\"text-align: justify;\">Được mệnh danh là “thánh kinh” của giới mộ điệu leo núi mạo hiểm, <em>Hồi ký thảm họa Everest</em> tái hiện một cách đầy chân thực niềm đam mê mãnh liệt của những người yêu thích bộ môn này thông qua hành trình chinh phục nóc nhà thế giới đầy thử thách.</p><p style=\"text-align: justify;\">Nhưng nếu chỉ có vậy thì nó đã không phải là một cuốn hồi ký đầy tranh cãi về Everest – đỉnh núi huyền thoại của thế giới. Chuyện gì đã xảy ra tại nơi đó? Điều gì có thể xảy đến với con người ở độ cao 8.848 m? Những khó khăn và thử thách khốc liệt mà con người phải trải qua cũng như cái giá phải trả khi thách thức mẹ Thiên nhiên là gì?</p><p style=\"text-align: justify;\">Cuốn hồi ký của Jon Krakauer sẽ vén màn tấn thảm kịch trên đỉnh Everest năm 1996, cùng những bước chân chênh vênh đầy nghẹt thở để dẫn chúng ta tới nơi được mệnh danh là khu vực tử thần – nấm mồ của biết bao nhà leo núi.</p><p style=\"text-align: justify;\"><strong><u>VỀ TÁC GIẢ</u></strong></p><p style=\"text-align: justify;\">JON KRAKAUER sinh<a target=\"_blank\" rel=\"noopener noreferrer nofollow\" href=\"https://en.wikiquote.org/wiki/April_12\"> </a>năm 1954, là nhà báo, nhà văn kiêm nhà leo núi người Mỹ nổi tiếng với các tác phẩm văn học về thiên nhiên và phiêu lưu. Bằng tư liệu quý giá và ngòi bút chân thực, tự nhiên, đầy cuốn hút của mình, ông đã lôi kéo người đọc vào những cuộc hành trình khó khăn nhưng cũng không kém phần mê hoặc qua các tác phẩm nổi tiếng như: <em>Into the Wild ; Into Thin Air ; Under the Banner of Heaven</em>.</p><p style=\"text-align: justify;\"><em>Into thin air</em> lọt vào top sách phi hư cấu bán chạy nhất của tờ New York Times, được tạp chí Time vinh danh là “ Sách của năm” và được đề cử cho “Giải Pulitzer cho sách Phi hư cấu” năm 1998. Đồng thời, chính tác phẩm này đã mang về cho ông “Giải thưởng Viện Hàn Lâm Văn học” năm 1999.</p><p style=\"text-align: justify;\"><strong><u>ĐỘC GIẢ NÓI GÌ VỀ CUỐN SÁCH</u></strong></p><p style=\"text-align: justify;\">“Một câu chuyện đau buồn về những nguy hiểm của việc leo núi ở độ cao lớn, một câu chuyện về vận rủi và những phán đoán sai lầm cùng chủ nghĩa anh hùng đau thương.”</p><p style=\"text-align: justify;\">—Tạp chí <em>People</em></p><p style=\"text-align: justify;\">“<em>Hồi ký thảm họa Everest</em> được xếp hạng là một cuốn sách phiêu lưu hay nhất mọi thời đại.”</p><p style=\"text-align: justify;\">—<em>The Wall Street Journal</em></p><p style=\"text-align: justify;\">“Trong cuốn sách được viết đầy xúc động này, Krakauer đã miêu tả một trải nghiệm kinh hoàng rùng rợn đến mức ngay cả những nhà leo núi cuồng nhiệt nhất cũng phải tìm nơi ẩn náu dưới chân núi.”</p><p style=\"text-align: justify;\">—<em>Sports Illustrated</em></p>',0,14.5,367,145000,'2025-04-05','hoi-ky-tham-hoa-everest',1,12,1.8,'Hồi Ký Thảm Hoạ Everest ',380,20.5,'fd10c260-0929-4417-a72a-7d93ecac6324','88a2951f-b6b3-4bc9-a62a-6b6f188561c6','c0c19c8f-7dcd-46ba-babc-ac1669107dcb'),('cda91313-33cb-40ab-ab68-7c019b5e35b8','2025-11-01 09:13:01.826516','<p><strong>Tự Truyện Steven Gerrard - Người Đội Trưởng Vĩ Đại</strong></p><p style=\"text-align: justify;\">Gia đình tôi sống qua từng trang của cuốn sách này, từ nốt thăng tới nốt trầm, từ kỉ niệm buồn đến kỉ niệm đẹp. Vậy nên, cuốn sách thuộc về họ vì nếu không có tình yêu thương và sự cổ vũ không ngừng nghỉ của họ, tôi sẽ chẳng thể đạt được thành tích nào, cả ở trong lẫn ngoài sân cỏ. Tôi nợ vợ tôi, Alex. Cô ấy có thể không biết nhiều về bóng đá nhưng là người hiểu tôi hơn ai hết, vậy nên sự biết ơn lớn nhất phải là dành cho vợ tôi vì cô ấy đã luôn ủng hộ tôi, luôn là một người vợ tuyệt vời và một người mẹ phi thường với ba cô con gái của tôi.</p><p style=\"text-align: justify;\">Dù thấy buồn khi không còn được chơi cho Liverpool nữa, nhưng tôi rất hạnh phúc khi có thêm thời gian ở bên Alex và ba cô con gái đáng yêu Lilly-Ella, Lexie và Lourdes. Tại Mỹ, gia đình tôi có thể làm được nhiều thứ mà trước kia chúng tôi không thể làm khi tôi còn là đội trưởng của Liverpool. Gia đình sẽ làm tôi cười và khiến tôi hạnh phúc. Từ giờ trở đi, Lilly, Lexie và Lourdes sẽ vui vẻ hơn khi có một người bố bình thường ở bên cạnh.</p><p style=\"text-align: justify;\">Bố và mẹ cũng đã ủng hộ tôi hết mình từ những ngày đầu. Họ đã tạo dựng trong tôi những phẩm chất có giá trị mà tôi mong mình sẽ truyền lại cho các con. Cảm ơn bố mẹ vì luôn ở bên con - và vì tất cả sự giúp đỡ cũng như lời khuyên của bố mẹ trong suốt 35 năm qua.</p><p style=\"text-align: justify;\">Anh trai tôi - Paul, thì giống như một người bạn hơn. Mối quan hệ giữa chúng tôi vô cùng thân thiết và tôi có thể tin cậy vào anh mỗi khi gặp khó khăn. Tôi cũng mừng rằng mình đã làm cho cả bố và Paul vui khi ở lại Liverpool trong trọn vẹn sự nghiệp thi đấu tại Anh.</p><p style=\"text-align: justify;\">Tôi cũng rất may mắn khi có được một nhóm bạn thân đáng tin cậy. Tôi có thể là chính mình, và tất cả chúng tôi cười đùa vui vẻ mỗi khi tôi ở cạnh họ. Vẫn như thường lệ, cảm ơn anh em rất nhiều.</p><p style=\"text-align: justify;\">Cuốn sách này cũng là dành cho cổ động viên số một thế giới - những người hâm mộ Liverpool FC, vì nếu không có họ, tôi sẽ chẳng bao giờ có thể trung thành với một đội bóng. Sự ủng hộ của họ cùng màn chào tạm biệt đáng nhớ khiến tôi biết mình sẽ không bao giờ hối hận vì luôn chọn Liverpool. Người hâm mộ Liverpool khiến tôi cảm thấy mình may mắn và cả các cổ động viên trung thành của đội tuyển Anh theo tôi và đội đi khắp thế giới cũng vậy. Không có những fan chân chính đó, bóng đá sẽ chẳng còn ý nghĩa nữa.</p><p style=\"text-align: justify;\">Tôi muốn cảm ơn tất cả mọi người tại Liverpool FC - các huấn luyện viên cũ, đồng đội cũ, nhân viên bảo vệ, đội ngũ y tế, nhân viên văn phòng và tất cả những ai có liên quan tới câu lạc bộ ở Anfield, tại sân tập Melwood và các học viện nơi tôi từng được huấn luyện tại Merseyside. Việc tôi còn gần gũi với nhiều người tại Liverpool đến vậy đã nói lên rất nhiều thứ về câu lạc bộ. Tôi rất muốn một ngày nào đó sẽ được trở lại – bất kể là với vai trò gì mà Liverpool FC tin tôi có thể đóng góp.</p><p style=\"text-align: justify;\">Kính mời các bạn đến với những câu chuyện trong trang sách!</p>',0,16,438,240000,'2025-04-05','tu-truyen-steven-gerrard-nguoi-oi-truong-vi-ai',1,15,2.1,'Tự Truyện Steven Gerrard - Người Đội Trưởng Vĩ Đại',600,24,'73451db3-9ff3-4dd0-b1e5-2d9ceba256ff','88a2951f-b6b3-4bc9-a62a-6b6f188561c6','558747b1-5840-4b4e-af4b-203cd6f0ae63'),('f203de2c-c979-49b6-a048-f3ad2c56bb31','2025-11-01 09:23:39.770385','<p>Có thể coi cuốn sách này là một tập tài liệu chuyên môn về sức khỏe tâm thần, tâm lý học, nhưng không làm cho người đọc thấy hoảng sợ, vì lý thuyết được gắn với một tình huống nghiên cứu thực tiễn, điển hình.</p><p style=\"text-align: justify;\">Đồng thời đây cũng là tiếng nói của những công dân có chuyên môn, ý thức rất rõ về “trách nhiệm cảnh báo” của mình; nhưng lại bị kẹt giữa hai nghĩa vụ nghề nghiệp hoàn toàn đối lập nhau, và việc vi phạm bất cứ nghĩa vụ nào cũng khiến họ bị coi là hành xử thiếu đạo đức.</p><p style=\"text-align: justify;\">Thứ nhất, họ có nghĩa vụ im lặng về đánh giá của họ với bất kỳ ai nếu người đó chưa cho phép họ lên tiếng công khai. Thứ hai, họ có nghĩa vụ lên tiếng và thông báo cho những người khác nếu họ có cơ sở để tin rằng một người nào đó có thể gây nguy hiểm cho những người khác.</p><p style=\"text-align: justify;\">Nhân vật được đưa ra làm điển hình trong cuốn sách là Donald Trump, tổng thống đương nhiệm của Hoa Kỳ, vì những hành xử có vẻ bất thường của ông.</p><p style=\"text-align: justify;\">Tuy nhiên, tác giả Bandy X. Lee đã chỉ ra rằng, “điểm chính của cuốn sách này không phải là về ông Trump, mà về bối cảnh lớn hơn dẫn tới việc ông lên làm tổng thống, và về phần đông dân số mà ông gây được ảnh hưởng bởi vị thế của ông”.</p><p style=\"text-align: justify;\">Bà đã đặt ngược lại câu hỏi, rằng việc Donald Trump đắc cử tổng thống Mỹ không phải vấn đề, mà vấn đề nằm ở chính đám đông dân số đã bầu cho ông. Và, “Sự nổi lên của một cá nhân với những khiếm khuyết như thế tự nó nói lên tình trạng sức khỏe và sự thịnh vượng của quốc gia, và chúng ta có thể phản ứng thế nào: cải thiện nó hay làm nó suy yếu thêm nữa?”</p><p style=\"text-align: justify;\">“Không cuốn sách nào được xuất bản trong mùa thu này nguy hiểm hơn, quan trọng hơn và gây tranh cãi hơn cuốn sách này… sâu sắc, sáng tỏ và đầy lo lắng.”</p><p style=\"text-align: justify;\">- Bill Moyers</p><p style=\"text-align: justify;\">“Lập trường của các chuyên gia tâm thần học này cần đến lòng can đảm, và những kết luận của họ thật thuyết phục.”</p><p style=\"text-align: justify;\">-&nbsp;<em>The Washington Post</em></p>',0,24,440,180000,'2019-04-05','donald-trump-duoi-goc-nhin-cua-tam-ly-hoc',1,15,2.2,'Donald Trump Dưới Góc Nhìn Của Tâm Lý Học',450,15.5,'46e644c6-b08e-484f-93f0-942f57394a95','0b6f0257-3119-45c5-aa51-0582a60acd71','6ed381fa-c544-4ef5-92ae-2e20199c3c7b');
/*!40000 ALTER TABLE `book` ENABLE KEYS */;
UNLOCK TABLES;

--
-- Table structure for table `cart`
--

DROP TABLE IF EXISTS `cart`;
/*!40101 SET @saved_cs_client     = @@character_set_client */;
/*!50503 SET character_set_client = utf8mb4 */;
CREATE TABLE `cart` (
  `id` varchar(255) NOT NULL,
  `created_at` datetime(6) NOT NULL,
  `user_id` varchar(255) NOT NULL,
  PRIMARY KEY (`id`),
  KEY `FKl70asp4l4w0jmbm1tqyofho4o` (`user_id`),
  CONSTRAINT `FKl70asp4l4w0jmbm1tqyofho4o` FOREIGN KEY (`user_id`) REFERENCES `user` (`id`)
) ENGINE=InnoDB DEFAULT CHARSET=utf8mb4 COLLATE=utf8mb4_0900_ai_ci;
/*!40101 SET character_set_client = @saved_cs_client */;

--
-- Dumping data for table `cart`
--

LOCK TABLES `cart` WRITE;
/*!40000 ALTER TABLE `cart` DISABLE KEYS */;
INSERT INTO `cart` VALUES ('2052245c-bdc9-4bfc-a0e7-e6a7f41c8bea','2025-11-01 11:08:15.355034','b1b879e5-8d4d-48e6-a735-08df20510d47'),('70dd99dd-fa52-4134-8b35-42fa2d438aa2','2025-10-21 08:29:35.165396','268fb390-b233-4fb4-8d39-d1785eb4e8c8'),('98cedd3d-b8a8-4757-9aca-7748660ba42f','2025-10-22 02:36:26.828194','083d38f9-f906-4290-a9da-fe7a499e2901');
/*!40000 ALTER TABLE `cart` ENABLE KEYS */;
UNLOCK TABLES;

--
-- Table structure for table `cartitem`
--

DROP TABLE IF EXISTS `cartitem`;
/*!40101 SET @saved_cs_client     = @@character_set_client */;
/*!50503 SET character_set_client = utf8mb4 */;
CREATE TABLE `cartitem` (
  `id` varchar(255) NOT NULL,
  `quantity` int NOT NULL,
  `book_id` varchar(255) NOT NULL,
  `cart_id` varchar(255) NOT NULL,
  PRIMARY KEY (`id`),
  KEY `FKbws5dqok8cle0jdwfnuetbf4t` (`book_id`),
  KEY `FKcj0jvvlv7mum72m5qblw5m1tc` (`cart_id`),
  CONSTRAINT `FKbws5dqok8cle0jdwfnuetbf4t` FOREIGN KEY (`book_id`) REFERENCES `book` (`id`),
  CONSTRAINT `FKcj0jvvlv7mum72m5qblw5m1tc` FOREIGN KEY (`cart_id`) REFERENCES `cart` (`id`)
) ENGINE=InnoDB DEFAULT CHARSET=utf8mb4 COLLATE=utf8mb4_0900_ai_ci;
/*!40101 SET character_set_client = @saved_cs_client */;

--
-- Dumping data for table `cartitem`
--

LOCK TABLES `cartitem` WRITE;
/*!40000 ALTER TABLE `cartitem` DISABLE KEYS */;
INSERT INTO `cartitem` VALUES ('1421f8f4-857b-44f6-97c3-7ba18a7bd2e9',1,'c51513b9-8a12-4464-8197-d72702662c1e','70dd99dd-fa52-4134-8b35-42fa2d438aa2'),('72d26c51-c272-47ed-8383-c8f762029e90',2,'0df5b62d-1593-43b6-a835-3f1864156e16','98cedd3d-b8a8-4757-9aca-7748660ba42f'),('c65765cd-58e5-4918-8776-e01cda1fc4d2',1,'475975dc-f6df-4eb3-905b-b3d942e63898','2052245c-bdc9-4bfc-a0e7-e6a7f41c8bea');
/*!40000 ALTER TABLE `cartitem` ENABLE KEYS */;
UNLOCK TABLES;

--
-- Table structure for table `category`
--

DROP TABLE IF EXISTS `category`;
/*!40101 SET @saved_cs_client     = @@character_set_client */;
/*!50503 SET character_set_client = utf8mb4 */;
CREATE TABLE `category` (
  `id` varchar(255) NOT NULL,
  `created_at` datetime(6) NOT NULL,
  `name` varchar(50) NOT NULL,
  `slug` varchar(50) NOT NULL,
  `status` int NOT NULL,
  PRIMARY KEY (`id`),
  UNIQUE KEY `UK_46ccwnsi9409t36lurvtyljak` (`name`),
  UNIQUE KEY `UK_hqknmjh5423vchi4xkyhxlhg2` (`slug`)
) ENGINE=InnoDB DEFAULT CHARSET=utf8mb4 COLLATE=utf8mb4_0900_ai_ci;
/*!40101 SET character_set_client = @saved_cs_client */;

--
-- Dumping data for table `category`
--

LOCK TABLES `category` WRITE;
/*!40000 ALTER TABLE `category` DISABLE KEYS */;
INSERT INTO `category` VALUES ('0917517e-80e1-4f92-aafb-f8526efe56e0','2025-10-19 12:08:59.949236','Tiểu thuyết','tieu-thuyet',1),('0b6f0257-3119-45c5-aa51-0582a60acd71','2025-10-19 12:04:29.442769',' Kinh tế','kinh-te',1),('11e0e1fa-dc14-4db7-9faa-fa644bba55cf','2025-11-01 07:27:47.249099','Lịch sử','lich-su',1),('5ba86378-b34b-4ffb-841f-4ecef18d06d4','2025-10-19 12:04:37.767177','Tâm lý','tam-ly',1),('73c9dd4f-d84c-4a81-b6b6-accfc2995f15','2025-10-19 12:00:35.614937','Chính trị','chinh-tri',1),('75565874-dc78-44ab-ae4d-ec6fd50f4765','2025-11-01 07:28:22.414911','Truyện thiếu nhi','truyen-thieu-nhi',1),('88a2951f-b6b3-4bc9-a62a-6b6f188561c6','2025-11-01 07:27:07.526903','Thể thao','the-thao',1),('b6e308f8-45e9-4123-8ae3-e88237a16136','2025-11-01 07:25:48.864529','Kỹ năng sống','ky-nang-song',1),('c8b73e85-de73-427e-9360-64e9df01377b','2025-11-01 07:24:09.046775','Ngôn tình','ngon-tinh',1),('dd04247c-bb76-4d19-acaf-3a367f4525f5','2025-11-01 07:25:11.807643','Truyện ngắn','truyen-ngan',1),('e8661b74-1f05-4027-b79b-b2775eccd427','2025-11-01 07:29:08.084460','Câu truyện cuộc đời','cau-truyen-cuoc-oi',1);
/*!40000 ALTER TABLE `category` ENABLE KEYS */;
UNLOCK TABLES;

--
-- Table structure for table `imagebook`
--

DROP TABLE IF EXISTS `imagebook`;
/*!40101 SET @saved_cs_client     = @@character_set_client */;
/*!50503 SET character_set_client = utf8mb4 */;
CREATE TABLE `imagebook` (
  `id` varchar(255) NOT NULL,
  `created_at` datetime(6) NOT NULL,
  `image` varchar(250) NOT NULL,
  `book_id` varchar(255) NOT NULL,
  PRIMARY KEY (`id`),
  KEY `FKlu5xxpl7iyl92tctn7en6ovam` (`book_id`),
  CONSTRAINT `FKlu5xxpl7iyl92tctn7en6ovam` FOREIGN KEY (`book_id`) REFERENCES `book` (`id`)
) ENGINE=InnoDB DEFAULT CHARSET=utf8mb4 COLLATE=utf8mb4_0900_ai_ci;
/*!40101 SET character_set_client = @saved_cs_client */;

--
-- Dumping data for table `imagebook`
--

LOCK TABLES `imagebook` WRITE;
/*!40000 ALTER TABLE `imagebook` DISABLE KEYS */;
INSERT INTO `imagebook` VALUES ('020cdd91-5afd-4187-a920-bc1dd75afaed','2025-11-01 09:16:10.269962','/uploads/books/4204a2c1-e291-4ab0-be91-cff3ad18b987/4204a2c1-e291-4ab0-be91-cff3ad18b987_49b57ea1-8e25-4914-9ab0-06daef847b36.webp','4204a2c1-e291-4ab0-be91-cff3ad18b987'),('059ce8c2-bbd0-465c-ae1a-8875ed146955','2025-11-01 08:51:48.070574','/uploads/books/475975dc-f6df-4eb3-905b-b3d942e63898/475975dc-f6df-4eb3-905b-b3d942e63898_40acb7db-cae1-4bca-b641-26d9a2e9595f.webp','475975dc-f6df-4eb3-905b-b3d942e63898'),('08ba80f2-a1a7-4493-acbc-d39417ef3798','2025-11-01 08:32:16.711844','/uploads/books/8d8fd0fe-7808-430f-82e5-bf0072c9adfd/8d8fd0fe-7808-430f-82e5-bf0072c9adfd_01e0628a-bfb1-4da7-bed5-8fd7e541cd7e.webp','8d8fd0fe-7808-430f-82e5-bf0072c9adfd'),('09d85d53-2e5d-4e79-851b-2f0cc260a092','2025-11-01 09:23:39.790689','/uploads/books/f203de2c-c979-49b6-a048-f3ad2c56bb31/f203de2c-c979-49b6-a048-f3ad2c56bb31_979aa5e6-cd77-40d8-a003-564f7c10bb4b.webp','f203de2c-c979-49b6-a048-f3ad2c56bb31'),('0c69c56c-afa1-47ba-8b36-dc20a747f392','2025-11-01 08:13:24.934824','/uploads/books/1fe5766e-718c-4429-97e8-b1c4d79f1d53/1fe5766e-718c-4429-97e8-b1c4d79f1d53_c9bb9453-bb08-428b-b54b-50acc0ef3cb6.webp','1fe5766e-718c-4429-97e8-b1c4d79f1d53'),('0faf1e33-fcd8-4fb4-8de5-77614c438322','2025-11-01 09:23:39.788685','/uploads/books/f203de2c-c979-49b6-a048-f3ad2c56bb31/f203de2c-c979-49b6-a048-f3ad2c56bb31_f6763a7f-6e2b-4748-8437-3b5b2ca36fb3.webp','f203de2c-c979-49b6-a048-f3ad2c56bb31'),('114b42f6-4735-4038-9f44-e7b0669a0a4b','2025-11-01 09:23:39.791688','/uploads/books/f203de2c-c979-49b6-a048-f3ad2c56bb31/f203de2c-c979-49b6-a048-f3ad2c56bb31_47e3e4fa-dcef-4085-ae81-1bb8ccebf086.webp','f203de2c-c979-49b6-a048-f3ad2c56bb31'),('11bb27f6-8b0e-4175-9dcc-21a7407975b6','2025-11-01 09:13:01.836873','/uploads/books/cda91313-33cb-40ab-ab68-7c019b5e35b8/cda91313-33cb-40ab-ab68-7c019b5e35b8_898e8587-6c27-4529-adb9-e19027f169c7.jpg','cda91313-33cb-40ab-ab68-7c019b5e35b8'),('1374f433-3974-48bc-bb64-7bab07a2228d','2025-11-01 08:51:48.071576','/uploads/books/475975dc-f6df-4eb3-905b-b3d942e63898/475975dc-f6df-4eb3-905b-b3d942e63898_0eca2caa-7067-40e5-91b8-da7ebf3be295.webp','475975dc-f6df-4eb3-905b-b3d942e63898'),('13e22d47-2e79-4471-9fbf-47252ae5cbbe','2025-11-01 09:23:39.788685','/uploads/books/f203de2c-c979-49b6-a048-f3ad2c56bb31/f203de2c-c979-49b6-a048-f3ad2c56bb31_fcf2f371-9bfb-4f90-811a-71e11eb416db.webp','f203de2c-c979-49b6-a048-f3ad2c56bb31'),('156bbaf2-8a7c-4c6c-96f0-aa187b4047c6','2025-11-01 08:13:24.923620','/uploads/books/1fe5766e-718c-4429-97e8-b1c4d79f1d53/1fe5766e-718c-4429-97e8-b1c4d79f1d53_d74c1153-ec69-44ab-ba24-c4a177d73124.webp','1fe5766e-718c-4429-97e8-b1c4d79f1d53'),('158e4faa-2ddc-44bc-837e-bf6d315c727e','2025-11-01 08:32:16.716886','/uploads/books/8d8fd0fe-7808-430f-82e5-bf0072c9adfd/8d8fd0fe-7808-430f-82e5-bf0072c9adfd_6176f655-cd0a-4392-bc34-a8a187ec30e7.webp','8d8fd0fe-7808-430f-82e5-bf0072c9adfd'),('1beee70f-106f-4a56-a7b3-b8a5e20ab907','2025-11-01 09:19:23.162325','/uploads/books/ca6c2151-b0e3-428f-a5a3-88d049ea72e1/ca6c2151-b0e3-428f-a5a3-88d049ea72e1_d4144c9d-5218-41b4-9bf0-aa6b967730be.webp','ca6c2151-b0e3-428f-a5a3-88d049ea72e1'),('1cd6c5a0-fc23-407d-85bf-3ad2fa717d00','2025-11-01 08:26:57.182410','/uploads/books/28bf23d3-aa3f-4ed2-9947-8bd9e80be6a8/28bf23d3-aa3f-4ed2-9947-8bd9e80be6a8_46755750-fc63-43ba-91de-9fedab8f9334.webp','28bf23d3-aa3f-4ed2-9947-8bd9e80be6a8'),('1dec9684-5435-4577-9fab-9aa9118f149b','2025-11-01 08:49:15.188054','/uploads/books/aa4a3c6e-3fc2-48c4-89d0-3a2351f8f66b/aa4a3c6e-3fc2-48c4-89d0-3a2351f8f66b_d81e591d-b251-4bce-885c-b998edaf6e5d.jpg','aa4a3c6e-3fc2-48c4-89d0-3a2351f8f66b'),('1e1fef8c-e97b-49c9-b696-f961f6d15898','2025-11-01 08:55:00.638627','/uploads/books/878839e5-198d-48eb-875a-3afdc0131062/878839e5-198d-48eb-875a-3afdc0131062_1cddd27d-3bdd-4c9f-9b5b-1f43649c10ca.jpg','878839e5-198d-48eb-875a-3afdc0131062'),('2659abea-2f53-4cbf-b84b-892e05601cd2','2025-11-01 08:51:48.065461','/uploads/books/475975dc-f6df-4eb3-905b-b3d942e63898/475975dc-f6df-4eb3-905b-b3d942e63898_cc06bbc2-1860-44b3-b31e-7ea8e226f16f.webp','475975dc-f6df-4eb3-905b-b3d942e63898'),('26c0619c-40fa-4c2e-903c-cfef84f063ab','2025-11-01 09:27:35.754513','/uploads/books/b109d7f1-7462-4ae0-a4b1-6ca07ae4222a/b109d7f1-7462-4ae0-a4b1-6ca07ae4222a_c8e9c329-afbb-43c2-a2ef-c814b0382f61.webp','b109d7f1-7462-4ae0-a4b1-6ca07ae4222a'),('26e42ecb-5b0c-413c-825d-ed57708ed29b','2025-11-01 08:08:25.365858','/uploads/books/0df5b62d-1593-43b6-a835-3f1864156e16/0df5b62d-1593-43b6-a835-3f1864156e16_51d0258a-6102-460f-b40d-e1d3993f50a5.webp','0df5b62d-1593-43b6-a835-3f1864156e16'),('2966a22d-fd28-4806-8972-3f46d7f6f913','2025-11-01 09:00:58.933105','/uploads/books/a2a08154-f627-4d5b-9a83-71e61ef66b83/a2a08154-f627-4d5b-9a83-71e61ef66b83_a5d54196-5fc2-4ee1-bfe4-dfa429560936.webp','a2a08154-f627-4d5b-9a83-71e61ef66b83'),('29c63836-2042-4fd4-82f2-c601b71dc740','2025-11-01 09:09:34.509628','/uploads/books/bec5b538-0bc2-4ae3-aa65-deb202e75e9a/bec5b538-0bc2-4ae3-aa65-deb202e75e9a_13d3d8ef-d8ba-432f-ba10-daded2e27f15.jpg','bec5b538-0bc2-4ae3-aa65-deb202e75e9a'),('2b63c5ca-f281-4e4c-91a9-136358d6bb1b','2025-11-01 08:13:24.928620','/uploads/books/1fe5766e-718c-4429-97e8-b1c4d79f1d53/1fe5766e-718c-4429-97e8-b1c4d79f1d53_a6b5b54c-4d7d-4a05-ad6a-22638450f16e.webp','1fe5766e-718c-4429-97e8-b1c4d79f1d53'),('2e3f85a2-898f-4c2f-be10-3dea852e73fd','2025-11-01 09:09:34.503627','/uploads/books/bec5b538-0bc2-4ae3-aa65-deb202e75e9a/bec5b538-0bc2-4ae3-aa65-deb202e75e9a_88b5029d-1ef5-4a5b-ad1a-7eaa28048bdc.jpg','bec5b538-0bc2-4ae3-aa65-deb202e75e9a'),('2f7c19a4-a26a-43b7-9095-9d23c8b38cb1','2025-11-01 09:00:58.935127','/uploads/books/a2a08154-f627-4d5b-9a83-71e61ef66b83/a2a08154-f627-4d5b-9a83-71e61ef66b83_673772c0-7b95-44cb-a17a-636f55de1179.webp','a2a08154-f627-4d5b-9a83-71e61ef66b83'),('326755d5-c813-497e-8718-02929a826edc','2025-11-01 08:32:16.715888','/uploads/books/8d8fd0fe-7808-430f-82e5-bf0072c9adfd/8d8fd0fe-7808-430f-82e5-bf0072c9adfd_4fd89c20-e1d0-42dd-9b2c-2bcd43fa0dfd.webp','8d8fd0fe-7808-430f-82e5-bf0072c9adfd'),('33c893a7-f757-4f6a-86cc-b8dcc8f4fe1d','2025-11-01 09:16:10.271960','/uploads/books/4204a2c1-e291-4ab0-be91-cff3ad18b987/4204a2c1-e291-4ab0-be91-cff3ad18b987_6ca7355a-00e2-4a20-ab2f-ca3aa254bc11.webp','4204a2c1-e291-4ab0-be91-cff3ad18b987'),('35361794-6e1c-49c5-8dd6-5a3dcc423aef','2025-11-01 09:19:23.163324','/uploads/books/ca6c2151-b0e3-428f-a5a3-88d049ea72e1/ca6c2151-b0e3-428f-a5a3-88d049ea72e1_5a034da5-d80f-4868-bf40-fbb6a8bcbe56.webp','ca6c2151-b0e3-428f-a5a3-88d049ea72e1'),('360d656e-f056-4a91-ba06-db72a1ce8f8f','2025-11-01 08:26:57.174128','/uploads/books/28bf23d3-aa3f-4ed2-9947-8bd9e80be6a8/28bf23d3-aa3f-4ed2-9947-8bd9e80be6a8_aecfc5a4-93ae-45e2-b984-cf9a64523f0f.webp','28bf23d3-aa3f-4ed2-9947-8bd9e80be6a8'),('36650d08-6fb4-4797-9fed-c2e573a6532b','2025-11-01 08:39:37.569067','/uploads/books/54ed4ff9-0e31-4dc6-9e4f-df4df60812a0/54ed4ff9-0e31-4dc6-9e4f-df4df60812a0_590ff112-b576-4057-8c85-c21a1ed12767.webp','54ed4ff9-0e31-4dc6-9e4f-df4df60812a0'),('366ab0f0-4b60-4027-85a5-63a0d128d7ad','2025-11-01 08:02:15.097848','/uploads/books/c1dc457a-2ecf-43a3-87cc-96a0fc8095c9/c1dc457a-2ecf-43a3-87cc-96a0fc8095c9_46cac816-e809-46f9-8939-a31b0be03791.webp','c1dc457a-2ecf-43a3-87cc-96a0fc8095c9'),('3766f04e-c541-42f7-bef7-6c72956816b6','2025-11-01 07:32:52.870598','/uploads/books/658858f3-3265-4009-a6c1-d11c06215d8d/658858f3-3265-4009-a6c1-d11c06215d8d_391b2c61-8911-4eeb-ba08-b4d001e702ce.webp','658858f3-3265-4009-a6c1-d11c06215d8d'),('3a3d6c98-e814-491d-bfb4-86b3d9064ddc','2025-11-01 08:57:55.629204','/uploads/books/45cfd7f2-815e-4e7d-9248-fd6860d6dc64/45cfd7f2-815e-4e7d-9248-fd6860d6dc64_89e95a92-9b59-4748-b0b4-866b74169162.jpg','45cfd7f2-815e-4e7d-9248-fd6860d6dc64'),('3ad82777-668d-4dd0-8194-0fa7ee4fbc04','2025-11-01 08:32:16.722886','/uploads/books/8d8fd0fe-7808-430f-82e5-bf0072c9adfd/8d8fd0fe-7808-430f-82e5-bf0072c9adfd_230df017-2223-40c1-8336-b7f39a500186.webp','8d8fd0fe-7808-430f-82e5-bf0072c9adfd'),('3dbc7cd7-1063-4a7d-947f-dc9c8f11d079','2025-11-01 09:16:10.266616','/uploads/books/4204a2c1-e291-4ab0-be91-cff3ad18b987/4204a2c1-e291-4ab0-be91-cff3ad18b987_9914c76d-40bb-401a-bf31-ca1320aacc1f.jpg','4204a2c1-e291-4ab0-be91-cff3ad18b987'),('3fb0570d-4236-4b02-bdf2-245ee8325ee0','2025-11-01 08:07:09.689360','/uploads/books/0df5b62d-1593-43b6-a835-3f1864156e16/0df5b62d-1593-43b6-a835-3f1864156e16_1c1045cc-5055-4f67-925e-659c725f0a07.webp','0df5b62d-1593-43b6-a835-3f1864156e16'),('40c41a3f-84d9-4090-be9f-8ead311a8488','2025-11-01 07:58:03.793618','/uploads/books/c51513b9-8a12-4464-8197-d72702662c1e/c51513b9-8a12-4464-8197-d72702662c1e_8f3f903b-8fbb-438e-91f7-aa2cb60c7dd4.jpg','c51513b9-8a12-4464-8197-d72702662c1e'),('44235662-8f27-4fcf-82ad-b180fa09270d','2025-11-01 07:32:52.866595','/uploads/books/658858f3-3265-4009-a6c1-d11c06215d8d/658858f3-3265-4009-a6c1-d11c06215d8d_e8bf09bd-eb23-4d5a-bfb5-aec5d6f3a92d.webp','658858f3-3265-4009-a6c1-d11c06215d8d'),('45374339-4318-43dd-9cc0-1e040e5e26e7','2025-11-01 08:02:45.823518','/uploads/books/c1dc457a-2ecf-43a3-87cc-96a0fc8095c9/c1dc457a-2ecf-43a3-87cc-96a0fc8095c9_2fcce864-87a2-465a-adfc-92680e4cbe23.webp','c1dc457a-2ecf-43a3-87cc-96a0fc8095c9'),('46f397b7-249d-40d2-8e4a-8e13bbc795d6','2025-11-01 09:13:01.841954','/uploads/books/cda91313-33cb-40ab-ab68-7c019b5e35b8/cda91313-33cb-40ab-ab68-7c019b5e35b8_0eb96737-8168-46b7-bce1-f51437e0c2e6.webp','cda91313-33cb-40ab-ab68-7c019b5e35b8'),('48069c04-6ca9-420f-9406-42fb9ed455ac','2025-11-01 07:32:52.873595','/uploads/books/658858f3-3265-4009-a6c1-d11c06215d8d/658858f3-3265-4009-a6c1-d11c06215d8d_9f00773f-b8a9-451f-9fc4-43c60e54e661.webp','658858f3-3265-4009-a6c1-d11c06215d8d'),('4b080e54-a2b1-46ba-8bb3-543ab34559a1','2025-11-01 09:00:58.936108','/uploads/books/a2a08154-f627-4d5b-9a83-71e61ef66b83/a2a08154-f627-4d5b-9a83-71e61ef66b83_a8c6a8a1-ff9c-4e15-93ff-23617973ab67.webp','a2a08154-f627-4d5b-9a83-71e61ef66b83'),('4db0013d-b6ef-4ee8-929e-9e705f20dc63','2025-11-01 09:19:23.161316','/uploads/books/ca6c2151-b0e3-428f-a5a3-88d049ea72e1/ca6c2151-b0e3-428f-a5a3-88d049ea72e1_390a92cd-0a0f-42b2-9df0-5556e810919d.webp','ca6c2151-b0e3-428f-a5a3-88d049ea72e1'),('4e23883f-b070-482d-9b86-46776f232db2','2025-11-01 09:19:23.171327','/uploads/books/ca6c2151-b0e3-428f-a5a3-88d049ea72e1/ca6c2151-b0e3-428f-a5a3-88d049ea72e1_e72a2db0-d9a0-46e4-ad68-240bfb689d9b.webp','ca6c2151-b0e3-428f-a5a3-88d049ea72e1'),('50f69776-07a5-46b7-869b-0f2f329126e3','2025-11-01 08:02:45.827366','/uploads/books/c1dc457a-2ecf-43a3-87cc-96a0fc8095c9/c1dc457a-2ecf-43a3-87cc-96a0fc8095c9_029f4d32-25fe-4b24-bf2e-9eec0ed0964f.webp','c1dc457a-2ecf-43a3-87cc-96a0fc8095c9'),('51059a44-71d9-40cb-9fa0-f5a6e2898be2','2025-11-01 09:00:58.936108','/uploads/books/a2a08154-f627-4d5b-9a83-71e61ef66b83/a2a08154-f627-4d5b-9a83-71e61ef66b83_af81ae2f-a3af-439c-9a73-1aa1676289de.webp','a2a08154-f627-4d5b-9a83-71e61ef66b83'),('52a1f724-64e2-4ac6-9609-4fed25526100','2025-11-01 08:26:57.178135','/uploads/books/28bf23d3-aa3f-4ed2-9947-8bd9e80be6a8/28bf23d3-aa3f-4ed2-9947-8bd9e80be6a8_e0da9bcb-7073-4252-bcf0-5510e9a923d0.webp','28bf23d3-aa3f-4ed2-9947-8bd9e80be6a8'),('536c8889-7242-4499-9888-143310a10b34','2025-11-01 08:49:15.187053','/uploads/books/aa4a3c6e-3fc2-48c4-89d0-3a2351f8f66b/aa4a3c6e-3fc2-48c4-89d0-3a2351f8f66b_69a09503-a94e-479e-abcb-859757104d0e.jpg','aa4a3c6e-3fc2-48c4-89d0-3a2351f8f66b'),('53b0fb59-5790-47e9-b975-05f4c39d994b','2025-11-01 07:58:56.589144','/uploads/books/c51513b9-8a12-4464-8197-d72702662c1e/c51513b9-8a12-4464-8197-d72702662c1e_71d143d1-7837-41dc-b1f6-1a764d1c0f71.webp','c51513b9-8a12-4464-8197-d72702662c1e'),('53dcdead-b1b2-4278-b443-17db1f15654e','2025-11-01 09:13:01.840953','/uploads/books/cda91313-33cb-40ab-ab68-7c019b5e35b8/cda91313-33cb-40ab-ab68-7c019b5e35b8_1729633d-b858-4e21-9e63-ef423ec423a2.webp','cda91313-33cb-40ab-ab68-7c019b5e35b8'),('563d4bad-10e5-4ce1-b732-6961d7397365','2025-11-01 08:57:55.639280','/uploads/books/45cfd7f2-815e-4e7d-9248-fd6860d6dc64/45cfd7f2-815e-4e7d-9248-fd6860d6dc64_7338980e-ba9f-4a00-91d6-363184cb0c87.webp','45cfd7f2-815e-4e7d-9248-fd6860d6dc64'),('579cb814-8ae4-49bd-979c-06ca2cb60d31','2025-11-01 07:32:52.864594','/uploads/books/658858f3-3265-4009-a6c1-d11c06215d8d/658858f3-3265-4009-a6c1-d11c06215d8d_ff63470a-6579-4fdd-937e-72021a3860a7.webp','658858f3-3265-4009-a6c1-d11c06215d8d'),('57f43acb-00f8-4775-89ba-323e4f3e7480','2025-11-01 09:27:35.758013','/uploads/books/b109d7f1-7462-4ae0-a4b1-6ca07ae4222a/b109d7f1-7462-4ae0-a4b1-6ca07ae4222a_f7dab6ca-b2bb-4238-a9ca-28accd36441e.webp','b109d7f1-7462-4ae0-a4b1-6ca07ae4222a'),('5b5d3b42-6976-4074-b4a5-93e8950e02f7','2025-11-01 09:27:35.752144','/uploads/books/b109d7f1-7462-4ae0-a4b1-6ca07ae4222a/b109d7f1-7462-4ae0-a4b1-6ca07ae4222a_ddf977a5-f830-4297-923f-0ef790aadcb9.webp','b109d7f1-7462-4ae0-a4b1-6ca07ae4222a'),('5b681930-6f51-4b53-91c4-f6ef69905823','2025-11-01 08:36:27.332671','/uploads/books/83f2d77c-15b6-49c1-984b-5e672e8c40f5/83f2d77c-15b6-49c1-984b-5e672e8c40f5_53db244a-f2b7-4ef5-8040-b312978ffe9d.webp','83f2d77c-15b6-49c1-984b-5e672e8c40f5'),('5b764b4a-deb5-44b6-97d8-9c70ddff8b7a','2025-11-01 08:07:09.696409','/uploads/books/0df5b62d-1593-43b6-a835-3f1864156e16/0df5b62d-1593-43b6-a835-3f1864156e16_5c506197-f726-4d94-96d8-d899477e75a8.webp','0df5b62d-1593-43b6-a835-3f1864156e16'),('5bea3795-ea90-4930-8161-ee83b2731b72','2025-11-01 09:09:34.507624','/uploads/books/bec5b538-0bc2-4ae3-aa65-deb202e75e9a/bec5b538-0bc2-4ae3-aa65-deb202e75e9a_8d467997-b79d-41b4-baeb-6eb6d481125f.jpg','bec5b538-0bc2-4ae3-aa65-deb202e75e9a'),('5d21b3a5-a866-4654-87bb-d688f3c9ec67','2025-11-01 09:09:34.513652','/uploads/books/bec5b538-0bc2-4ae3-aa65-deb202e75e9a/bec5b538-0bc2-4ae3-aa65-deb202e75e9a_e2b5616f-5b0e-4e8c-b659-bdf62146d515.jpg','bec5b538-0bc2-4ae3-aa65-deb202e75e9a'),('5e6816dc-e84d-4dee-93e6-22fb46f6b20c','2025-11-01 09:27:35.746081','/uploads/books/b109d7f1-7462-4ae0-a4b1-6ca07ae4222a/b109d7f1-7462-4ae0-a4b1-6ca07ae4222a_3ef517ae-5fd5-4b02-8ae3-c20d21eca365.webp','b109d7f1-7462-4ae0-a4b1-6ca07ae4222a'),('63d64d36-042f-4c99-8672-d54e72f3c438','2025-11-01 09:00:58.934104','/uploads/books/a2a08154-f627-4d5b-9a83-71e61ef66b83/a2a08154-f627-4d5b-9a83-71e61ef66b83_ba7774d6-85fb-45ba-b291-6cbf767998aa.webp','a2a08154-f627-4d5b-9a83-71e61ef66b83'),('65e31770-c995-4349-8f4d-eedbe3551f47','2025-11-01 08:07:09.693817','/uploads/books/0df5b62d-1593-43b6-a835-3f1864156e16/0df5b62d-1593-43b6-a835-3f1864156e16_cc77e7e2-23ea-46e6-96df-0210c77efb04.webp','0df5b62d-1593-43b6-a835-3f1864156e16'),('6bed2afe-f7ea-4864-8f87-f75b8bd8beab','2025-11-01 08:39:37.566761','/uploads/books/54ed4ff9-0e31-4dc6-9e4f-df4df60812a0/54ed4ff9-0e31-4dc6-9e4f-df4df60812a0_873cd938-16fa-4407-9cca-bbf376427f14.webp','54ed4ff9-0e31-4dc6-9e4f-df4df60812a0'),('6f266f55-55c8-44f6-b21e-ce7ad06ea27d','2025-11-01 09:00:58.929111','/uploads/books/a2a08154-f627-4d5b-9a83-71e61ef66b83/a2a08154-f627-4d5b-9a83-71e61ef66b83_d9ba51ee-8fdc-40a4-9ebb-908ea8b10be3.webp','a2a08154-f627-4d5b-9a83-71e61ef66b83'),('721da5ee-983d-4a4a-b3be-57e91afd2ab2','2025-11-01 08:26:57.184010','/uploads/books/28bf23d3-aa3f-4ed2-9947-8bd9e80be6a8/28bf23d3-aa3f-4ed2-9947-8bd9e80be6a8_a45fd0c8-eecb-40e6-9702-62fa32c24083.webp','28bf23d3-aa3f-4ed2-9947-8bd9e80be6a8'),('7337b107-31a0-45cd-892d-e4c3285b049f','2025-11-01 08:57:55.632279','/uploads/books/45cfd7f2-815e-4e7d-9248-fd6860d6dc64/45cfd7f2-815e-4e7d-9248-fd6860d6dc64_b12ef1d3-0489-4112-9fe3-a02f6479a126.webp','45cfd7f2-815e-4e7d-9248-fd6860d6dc64'),('73562cac-64fd-4d52-9f70-6985f1c97bf7','2025-11-01 08:49:15.176501','/uploads/books/aa4a3c6e-3fc2-48c4-89d0-3a2351f8f66b/aa4a3c6e-3fc2-48c4-89d0-3a2351f8f66b_e4c0a595-f999-4a8a-8f26-4b402f039516.webp','aa4a3c6e-3fc2-48c4-89d0-3a2351f8f66b'),('774b2dd9-7b4f-475a-9ddc-4f17e270c18c','2025-11-01 07:58:56.585131','/uploads/books/c51513b9-8a12-4464-8197-d72702662c1e/c51513b9-8a12-4464-8197-d72702662c1e_de08776f-a918-41f4-990d-6d974a1fef1c.webp','c51513b9-8a12-4464-8197-d72702662c1e'),('787575b0-f45a-4f48-b309-163a42a8f4c0','2025-11-01 08:49:15.183565','/uploads/books/aa4a3c6e-3fc2-48c4-89d0-3a2351f8f66b/aa4a3c6e-3fc2-48c4-89d0-3a2351f8f66b_91d8d5bb-fe88-419e-9d4d-354355f81916.jpg','aa4a3c6e-3fc2-48c4-89d0-3a2351f8f66b'),('7d3617c5-afa2-4893-941f-8337418f1102','2025-11-01 08:55:00.639906','/uploads/books/878839e5-198d-48eb-875a-3afdc0131062/878839e5-198d-48eb-875a-3afdc0131062_32c5a12c-7fa9-4660-b121-f60838f57fbf.webp','878839e5-198d-48eb-875a-3afdc0131062'),('7e6525b7-0a59-4282-89d2-215114248c31','2025-11-01 08:26:57.176171','/uploads/books/28bf23d3-aa3f-4ed2-9947-8bd9e80be6a8/28bf23d3-aa3f-4ed2-9947-8bd9e80be6a8_c016a959-367b-49fb-8b2e-b98b9e9842ad.webp','28bf23d3-aa3f-4ed2-9947-8bd9e80be6a8'),('7f5d6256-cf81-4324-b664-a710f806242f','2025-11-01 08:39:37.573569','/uploads/books/54ed4ff9-0e31-4dc6-9e4f-df4df60812a0/54ed4ff9-0e31-4dc6-9e4f-df4df60812a0_4d21b752-b938-4dbd-a2a5-7c1cd67e6dd4.webp','54ed4ff9-0e31-4dc6-9e4f-df4df60812a0'),('7f907103-c7d5-4297-b2ad-58a39a10815e','2025-11-01 08:13:24.936832','/uploads/books/1fe5766e-718c-4429-97e8-b1c4d79f1d53/1fe5766e-718c-4429-97e8-b1c4d79f1d53_38bff0f7-cbac-4878-91fb-079af7a387c9.webp','1fe5766e-718c-4429-97e8-b1c4d79f1d53'),('7fb85235-74db-43fe-982a-2de11fec7412','2025-11-01 08:26:57.179134','/uploads/books/28bf23d3-aa3f-4ed2-9947-8bd9e80be6a8/28bf23d3-aa3f-4ed2-9947-8bd9e80be6a8_0b747eab-e0b4-4c92-a9cc-6d43448e9647.webp','28bf23d3-aa3f-4ed2-9947-8bd9e80be6a8'),('81fc2ea8-989a-4c82-8453-b859db476146','2025-11-01 09:27:35.749098','/uploads/books/b109d7f1-7462-4ae0-a4b1-6ca07ae4222a/b109d7f1-7462-4ae0-a4b1-6ca07ae4222a_fd7db880-7c78-40e8-b526-aecd6ef44261.webp','b109d7f1-7462-4ae0-a4b1-6ca07ae4222a'),('83dd3c5a-424f-4e1a-bacb-30265b3e8e3d','2025-11-01 08:39:37.574617','/uploads/books/54ed4ff9-0e31-4dc6-9e4f-df4df60812a0/54ed4ff9-0e31-4dc6-9e4f-df4df60812a0_ae6e5ae1-b06e-45fa-81f0-7a38ac56d355.webp','54ed4ff9-0e31-4dc6-9e4f-df4df60812a0'),('886b8f78-14b4-4381-a9a1-c2eb2b0f7b3b','2025-11-01 09:13:01.835867','/uploads/books/cda91313-33cb-40ab-ab68-7c019b5e35b8/cda91313-33cb-40ab-ab68-7c019b5e35b8_7ad255b5-a803-46e7-bc33-25e8a08742ec.webp','cda91313-33cb-40ab-ab68-7c019b5e35b8'),('8c5701fc-3fc6-42ad-bb54-dc8f55555ec8','2025-11-01 09:23:39.782685','/uploads/books/f203de2c-c979-49b6-a048-f3ad2c56bb31/f203de2c-c979-49b6-a048-f3ad2c56bb31_58362944-6667-4ae1-8791-04115cf68273.webp','f203de2c-c979-49b6-a048-f3ad2c56bb31'),('9068f32b-0244-461a-8cd9-ca400e09c908','2025-11-01 08:55:00.641924','/uploads/books/878839e5-198d-48eb-875a-3afdc0131062/878839e5-198d-48eb-875a-3afdc0131062_6bdef827-e053-4e96-9d83-e0a3dcf3ecaf.webp','878839e5-198d-48eb-875a-3afdc0131062'),('9209419a-b42e-4f7c-a229-026472218a61','2025-11-01 08:13:24.925620','/uploads/books/1fe5766e-718c-4429-97e8-b1c4d79f1d53/1fe5766e-718c-4429-97e8-b1c4d79f1d53_f4754b2b-135a-4c17-8a93-3d5553140fd9.webp','1fe5766e-718c-4429-97e8-b1c4d79f1d53'),('923db80a-eec1-4d5a-ae88-2af1420f5a66','2025-11-01 08:57:55.637281','/uploads/books/45cfd7f2-815e-4e7d-9248-fd6860d6dc64/45cfd7f2-815e-4e7d-9248-fd6860d6dc64_16a211bc-5fda-45c4-aea3-2672910ba190.webp','45cfd7f2-815e-4e7d-9248-fd6860d6dc64'),('92fa03e5-89c3-44b0-9dbf-a75a76b1038f','2025-11-01 09:16:10.273962','/uploads/books/4204a2c1-e291-4ab0-be91-cff3ad18b987/4204a2c1-e291-4ab0-be91-cff3ad18b987_324dc43c-fad0-4342-a3f9-e8a0e1b24494.webp','4204a2c1-e291-4ab0-be91-cff3ad18b987'),('9aef21e0-7b7a-426a-8560-a3f4dd81890f','2025-11-01 09:19:23.164326','/uploads/books/ca6c2151-b0e3-428f-a5a3-88d049ea72e1/ca6c2151-b0e3-428f-a5a3-88d049ea72e1_93e6d15d-f51d-415d-8c1e-fa5f8c33f49d.webp','ca6c2151-b0e3-428f-a5a3-88d049ea72e1'),('9e4c1dd3-d2aa-493d-add3-b233bd4c0a3a','2025-11-01 08:57:55.633278','/uploads/books/45cfd7f2-815e-4e7d-9248-fd6860d6dc64/45cfd7f2-815e-4e7d-9248-fd6860d6dc64_a346f215-2746-4a3c-be03-59425a48a6da.webp','45cfd7f2-815e-4e7d-9248-fd6860d6dc64'),('a16e6e51-eeba-4592-89a5-1bf6ced4cd2a','2025-11-01 09:19:23.168327','/uploads/books/ca6c2151-b0e3-428f-a5a3-88d049ea72e1/ca6c2151-b0e3-428f-a5a3-88d049ea72e1_9926030e-fc87-455e-bb9d-bf885c057962.webp','ca6c2151-b0e3-428f-a5a3-88d049ea72e1'),('a5b74d2e-52eb-4bd2-89ba-d8502acf8448','2025-11-01 09:09:34.505623','/uploads/books/bec5b538-0bc2-4ae3-aa65-deb202e75e9a/bec5b538-0bc2-4ae3-aa65-deb202e75e9a_0d827db0-0a8d-4653-bafd-4714a2c82c86.jpg','bec5b538-0bc2-4ae3-aa65-deb202e75e9a'),('a7569960-c803-4156-9254-2b27da796a1e','2025-11-01 08:36:27.337567','/uploads/books/83f2d77c-15b6-49c1-984b-5e672e8c40f5/83f2d77c-15b6-49c1-984b-5e672e8c40f5_6ffc21d8-1d78-4782-a63e-7479dde4868e.webp','83f2d77c-15b6-49c1-984b-5e672e8c40f5'),('aa596627-6661-40c9-99b3-0d4c1b07534f','2025-11-01 09:23:39.793686','/uploads/books/f203de2c-c979-49b6-a048-f3ad2c56bb31/f203de2c-c979-49b6-a048-f3ad2c56bb31_210efa7d-3f04-4b7a-a1c3-736cbc3b772f.webp','f203de2c-c979-49b6-a048-f3ad2c56bb31'),('ab8766d3-5598-42fe-ac35-c279c28e21c8','2025-11-01 08:51:48.076112','/uploads/books/475975dc-f6df-4eb3-905b-b3d942e63898/475975dc-f6df-4eb3-905b-b3d942e63898_0c10fdd8-8327-49e6-92a8-785afdb892aa.webp','475975dc-f6df-4eb3-905b-b3d942e63898'),('acde4ae3-e708-4c30-b427-74fd9bafce1b','2025-11-01 09:23:39.792687','/uploads/books/f203de2c-c979-49b6-a048-f3ad2c56bb31/f203de2c-c979-49b6-a048-f3ad2c56bb31_aec5d852-93be-4b58-beee-f80dc90d274c.webp','f203de2c-c979-49b6-a048-f3ad2c56bb31'),('acf0ee05-a6f1-462b-8712-ca09f01a33b1','2025-11-01 08:39:37.575665','/uploads/books/54ed4ff9-0e31-4dc6-9e4f-df4df60812a0/54ed4ff9-0e31-4dc6-9e4f-df4df60812a0_68f61a2e-6746-4462-ab31-09a70cc2c238.webp','54ed4ff9-0e31-4dc6-9e4f-df4df60812a0'),('b07f11ff-ae09-442d-b7fa-70810d89494a','2025-11-01 08:51:48.079113','/uploads/books/475975dc-f6df-4eb3-905b-b3d942e63898/475975dc-f6df-4eb3-905b-b3d942e63898_6aa4369f-c928-464a-a123-8346f5639dab.webp','475975dc-f6df-4eb3-905b-b3d942e63898'),('b38a3cf6-c318-4e76-aba1-ec3c36e906c2','2025-11-01 09:16:10.272960','/uploads/books/4204a2c1-e291-4ab0-be91-cff3ad18b987/4204a2c1-e291-4ab0-be91-cff3ad18b987_5904bf6b-ecf0-4205-a335-da9554a8c50f.webp','4204a2c1-e291-4ab0-be91-cff3ad18b987'),('b3de9c7e-92bc-4a4f-8b79-c5775695ab8b','2025-11-01 08:36:27.333669','/uploads/books/83f2d77c-15b6-49c1-984b-5e672e8c40f5/83f2d77c-15b6-49c1-984b-5e672e8c40f5_c6b2c8d1-0801-4491-a49c-922bd35a4287.webp','83f2d77c-15b6-49c1-984b-5e672e8c40f5'),('b5581660-ad2b-4671-a52f-b2417a916107','2025-11-01 09:19:23.160125','/uploads/books/ca6c2151-b0e3-428f-a5a3-88d049ea72e1/ca6c2151-b0e3-428f-a5a3-88d049ea72e1_61a4723e-a986-4d3d-8b99-efb82f61b2bd.webp','ca6c2151-b0e3-428f-a5a3-88d049ea72e1'),('bd445e99-fe47-46a0-b74c-454c38d9c2ee','2025-11-01 09:27:35.743776','/uploads/books/b109d7f1-7462-4ae0-a4b1-6ca07ae4222a/b109d7f1-7462-4ae0-a4b1-6ca07ae4222a_4641cbbf-5fe3-4563-92cf-de91b153d0aa.jpg','b109d7f1-7462-4ae0-a4b1-6ca07ae4222a'),('bdb27ede-a8e0-4537-9b12-21e865709a81','2025-11-01 07:32:52.859595','/uploads/books/658858f3-3265-4009-a6c1-d11c06215d8d/658858f3-3265-4009-a6c1-d11c06215d8d_9fb9712e-a39f-4e4c-97f4-76e4b14244dc.webp','658858f3-3265-4009-a6c1-d11c06215d8d'),('be5b180f-0cc6-4c61-997e-f202b8b3674b','2025-11-01 07:32:52.868597','/uploads/books/658858f3-3265-4009-a6c1-d11c06215d8d/658858f3-3265-4009-a6c1-d11c06215d8d_dc387d36-abc9-4e06-bf7d-0f0fe566240a.webp','658858f3-3265-4009-a6c1-d11c06215d8d'),('bf0c6610-40c8-4a27-8c6c-7d6d125496d9','2025-11-01 08:51:48.069574','/uploads/books/475975dc-f6df-4eb3-905b-b3d942e63898/475975dc-f6df-4eb3-905b-b3d942e63898_1b314e30-4a8a-46f9-8527-9f78355ebbe9.webp','475975dc-f6df-4eb3-905b-b3d942e63898'),('bf42e928-9e6f-4cc2-baad-abcadcbffc5f','2025-11-01 09:27:35.755997','/uploads/books/b109d7f1-7462-4ae0-a4b1-6ca07ae4222a/b109d7f1-7462-4ae0-a4b1-6ca07ae4222a_1a531414-dda7-414d-8b54-4d0bfff84120.webp','b109d7f1-7462-4ae0-a4b1-6ca07ae4222a'),('bf9a94fe-08f2-456e-9b26-d1f8b07b76e0','2025-11-01 08:51:48.068575','/uploads/books/475975dc-f6df-4eb3-905b-b3d942e63898/475975dc-f6df-4eb3-905b-b3d942e63898_7e8b7740-6589-4c2c-ae2c-4b8b4af319f7.webp','475975dc-f6df-4eb3-905b-b3d942e63898'),('c1d114d8-b7cb-475a-ba90-c7989189a2b8','2025-11-01 09:00:58.930104','/uploads/books/a2a08154-f627-4d5b-9a83-71e61ef66b83/a2a08154-f627-4d5b-9a83-71e61ef66b83_b94d3847-b09d-4084-956f-a4f0952c358f.webp','a2a08154-f627-4d5b-9a83-71e61ef66b83'),('c25c43e0-2f8a-4df6-af77-e9e8f0a88f9c','2025-11-01 08:57:55.635280','/uploads/books/45cfd7f2-815e-4e7d-9248-fd6860d6dc64/45cfd7f2-815e-4e7d-9248-fd6860d6dc64_d358e86b-03a0-4204-9aeb-0972a504aa86.webp','45cfd7f2-815e-4e7d-9248-fd6860d6dc64'),('c67e8d0e-a059-4e35-8b4d-44d491cce2e0','2025-11-01 08:32:16.713877','/uploads/books/8d8fd0fe-7808-430f-82e5-bf0072c9adfd/8d8fd0fe-7808-430f-82e5-bf0072c9adfd_4eaa4db8-9ddb-4c59-af76-470bd9c80c13.webp','8d8fd0fe-7808-430f-82e5-bf0072c9adfd'),('c97830e4-e3fc-48b7-afec-ef0402dd8a95','2025-11-01 09:16:10.270966','/uploads/books/4204a2c1-e291-4ab0-be91-cff3ad18b987/4204a2c1-e291-4ab0-be91-cff3ad18b987_24e50388-ac4b-4eba-a5c8-44d3ae2f4e49.webp','4204a2c1-e291-4ab0-be91-cff3ad18b987'),('c9b07418-1a31-4689-9cdf-1616cf3bf6e5','2025-11-01 09:19:23.165330','/uploads/books/ca6c2151-b0e3-428f-a5a3-88d049ea72e1/ca6c2151-b0e3-428f-a5a3-88d049ea72e1_89c4c7d3-f34a-44e3-a068-5754837959a8.webp','ca6c2151-b0e3-428f-a5a3-88d049ea72e1'),('cbb4c73a-18d9-4588-963c-2f640b754378','2025-11-01 09:00:58.932102','/uploads/books/a2a08154-f627-4d5b-9a83-71e61ef66b83/a2a08154-f627-4d5b-9a83-71e61ef66b83_69cd0daa-57b1-4bac-be9b-55adc860bec1.webp','a2a08154-f627-4d5b-9a83-71e61ef66b83'),('cc512a21-2011-4cbd-8852-448779d3ba69','2025-11-01 08:49:15.178508','/uploads/books/aa4a3c6e-3fc2-48c4-89d0-3a2351f8f66b/aa4a3c6e-3fc2-48c4-89d0-3a2351f8f66b_6c8db4bb-5739-4531-bf8a-7bfc3d567f9c.jpg','aa4a3c6e-3fc2-48c4-89d0-3a2351f8f66b'),('cc64f44f-9445-4aef-abcd-5e41a4b61ef3','2025-11-01 08:26:57.180497','/uploads/books/28bf23d3-aa3f-4ed2-9947-8bd9e80be6a8/28bf23d3-aa3f-4ed2-9947-8bd9e80be6a8_91b8bfdb-acb0-44df-8c3c-3603c0610902.webp','28bf23d3-aa3f-4ed2-9947-8bd9e80be6a8'),('ceca6d77-70a4-4b57-bd0b-8a5aad8e04fc','2025-11-01 08:32:16.718885','/uploads/books/8d8fd0fe-7808-430f-82e5-bf0072c9adfd/8d8fd0fe-7808-430f-82e5-bf0072c9adfd_cfda4547-52ef-422e-bcec-1f8e41d26f33.webp','8d8fd0fe-7808-430f-82e5-bf0072c9adfd'),('d0433b09-4fde-4706-9b52-465100f0cdc2','2025-11-01 09:09:34.511628','/uploads/books/bec5b538-0bc2-4ae3-aa65-deb202e75e9a/bec5b538-0bc2-4ae3-aa65-deb202e75e9a_7807d668-0afa-48d8-820c-64ea9aa38148.jpg','bec5b538-0bc2-4ae3-aa65-deb202e75e9a'),('d319522d-95a8-43eb-ae8b-4a9e938a2736','2025-11-01 09:19:23.157700','/uploads/books/ca6c2151-b0e3-428f-a5a3-88d049ea72e1/ca6c2151-b0e3-428f-a5a3-88d049ea72e1_142e39fd-d7e4-4081-8ccc-bfb0196adb80.webp','ca6c2151-b0e3-428f-a5a3-88d049ea72e1'),('d4e5edd2-b26a-455e-84b6-98be0e60f40d','2025-11-01 07:58:56.587143','/uploads/books/c51513b9-8a12-4464-8197-d72702662c1e/c51513b9-8a12-4464-8197-d72702662c1e_84ab8801-e599-44bd-be53-5ca94ec274e7.webp','c51513b9-8a12-4464-8197-d72702662c1e'),('d56894f7-8a3d-4280-b308-1362bfb2f7b0','2025-11-01 08:32:16.708517','/uploads/books/8d8fd0fe-7808-430f-82e5-bf0072c9adfd/8d8fd0fe-7808-430f-82e5-bf0072c9adfd_e0c10628-5872-489e-912f-350434f92b7a.webp','8d8fd0fe-7808-430f-82e5-bf0072c9adfd'),('d6592a0f-34f4-4e14-ac89-6c86facc283f','2025-11-01 07:32:52.872597','/uploads/books/658858f3-3265-4009-a6c1-d11c06215d8d/658858f3-3265-4009-a6c1-d11c06215d8d_b8ffb011-9bda-4cef-b84e-c105f5c1a4ee.webp','658858f3-3265-4009-a6c1-d11c06215d8d'),('d844bf29-161c-4500-ac6e-fa48683b855f','2025-11-01 07:58:56.592145','/uploads/books/c51513b9-8a12-4464-8197-d72702662c1e/c51513b9-8a12-4464-8197-d72702662c1e_77c72af7-e2e6-4846-87fc-8424b28bcd58.webp','c51513b9-8a12-4464-8197-d72702662c1e'),('d8ba6e21-9e74-445c-a331-2378062e3cf5','2025-11-01 09:16:10.268954','/uploads/books/4204a2c1-e291-4ab0-be91-cff3ad18b987/4204a2c1-e291-4ab0-be91-cff3ad18b987_8806b33b-6e9f-4ab1-96bd-a23c18647357.webp','4204a2c1-e291-4ab0-be91-cff3ad18b987'),('d8bac028-0dfd-4879-8ab9-480098f7f749','2025-11-01 08:49:15.180511','/uploads/books/aa4a3c6e-3fc2-48c4-89d0-3a2351f8f66b/aa4a3c6e-3fc2-48c4-89d0-3a2351f8f66b_a55ba58e-1c48-4a28-a4e7-1076eec8b6c2.jpg','aa4a3c6e-3fc2-48c4-89d0-3a2351f8f66b'),('da58f29f-1480-4411-ae2e-68ba8c7ed545','2025-11-01 09:13:01.839954','/uploads/books/cda91313-33cb-40ab-ab68-7c019b5e35b8/cda91313-33cb-40ab-ab68-7c019b5e35b8_3ce59102-93a3-4646-b3df-06540fca8382.webp','cda91313-33cb-40ab-ab68-7c019b5e35b8'),('da647d41-d817-4511-9cdd-515c11bcabc6','2025-11-01 08:13:24.927629','/uploads/books/1fe5766e-718c-4429-97e8-b1c4d79f1d53/1fe5766e-718c-4429-97e8-b1c4d79f1d53_c26c089f-c094-4a86-8657-ae9adfa84ee4.webp','1fe5766e-718c-4429-97e8-b1c4d79f1d53'),('db7af0a5-00bb-49f4-8c1d-096489aaf291','2025-11-01 08:39:37.570560','/uploads/books/54ed4ff9-0e31-4dc6-9e4f-df4df60812a0/54ed4ff9-0e31-4dc6-9e4f-df4df60812a0_59391116-d694-46d8-9bb7-6568a178c14d.webp','54ed4ff9-0e31-4dc6-9e4f-df4df60812a0'),('dbbe334d-0d5c-46b2-8f81-2c5d9bf594b1','2025-11-01 08:57:55.640304','/uploads/books/45cfd7f2-815e-4e7d-9248-fd6860d6dc64/45cfd7f2-815e-4e7d-9248-fd6860d6dc64_a3f17e8c-e352-44f4-8017-70d4bc914897.webp','45cfd7f2-815e-4e7d-9248-fd6860d6dc64'),('dc68d9da-cbc6-48e9-941e-42f649943883','2025-11-01 07:58:56.581700','/uploads/books/c51513b9-8a12-4464-8197-d72702662c1e/c51513b9-8a12-4464-8197-d72702662c1e_2d79f4b2-0b58-4212-b3c6-aa7bca60ea5c.webp','c51513b9-8a12-4464-8197-d72702662c1e'),('dd5d0ab0-909e-4db2-899e-110746bd70a0','2025-11-01 09:09:34.514626','/uploads/books/bec5b538-0bc2-4ae3-aa65-deb202e75e9a/bec5b538-0bc2-4ae3-aa65-deb202e75e9a_12d69cc5-1adb-4d00-ad03-fabf5e87b4ec.jpg','bec5b538-0bc2-4ae3-aa65-deb202e75e9a'),('ddef3d39-10cb-4b55-ae08-35bfc4009735','2025-11-01 08:36:27.338567','/uploads/books/83f2d77c-15b6-49c1-984b-5e672e8c40f5/83f2d77c-15b6-49c1-984b-5e672e8c40f5_57185171-0af0-46b2-b401-d1eaaa18ef21.webp','83f2d77c-15b6-49c1-984b-5e672e8c40f5'),('de6af6ae-7315-4503-9051-4ada46ff6e75','2025-11-01 08:02:45.822524','/uploads/books/c1dc457a-2ecf-43a3-87cc-96a0fc8095c9/c1dc457a-2ecf-43a3-87cc-96a0fc8095c9_4ed2e834-07d5-4b26-902a-153afdb619f9.webp','c1dc457a-2ecf-43a3-87cc-96a0fc8095c9'),('e149cde0-9ee2-45f6-84c4-a86f9c5771a2','2025-11-01 08:36:27.335172','/uploads/books/83f2d77c-15b6-49c1-984b-5e672e8c40f5/83f2d77c-15b6-49c1-984b-5e672e8c40f5_7323232d-42a9-4893-84ef-13221c5d94ad.webp','83f2d77c-15b6-49c1-984b-5e672e8c40f5'),('e20c93ce-3256-4c5a-9247-eef888ede723','2025-11-01 08:32:16.720887','/uploads/books/8d8fd0fe-7808-430f-82e5-bf0072c9adfd/8d8fd0fe-7808-430f-82e5-bf0072c9adfd_b3387cf7-eb7d-42b2-b77a-4eb72c961b36.webp','8d8fd0fe-7808-430f-82e5-bf0072c9adfd'),('ecc2c071-7e46-419a-b861-53765f955c13','2025-11-01 07:46:09.101303','/uploads/books/0df5b62d-1593-43b6-a835-3f1864156e16/0df5b62d-1593-43b6-a835-3f1864156e16_d73805b4-777f-4d27-beee-e29dc15f47ff.jpg','0df5b62d-1593-43b6-a835-3f1864156e16'),('eff4b0b7-2f79-4f32-8a43-9ec1e6ae9822','2025-11-01 09:23:39.787685','/uploads/books/f203de2c-c979-49b6-a048-f3ad2c56bb31/f203de2c-c979-49b6-a048-f3ad2c56bb31_9db72942-c7e8-40f8-86d4-9f4f7f2f001b.webp','f203de2c-c979-49b6-a048-f3ad2c56bb31'),('f221d8a3-b387-4be5-96a3-9659ee5fc6cc','2025-11-01 08:02:45.824967','/uploads/books/c1dc457a-2ecf-43a3-87cc-96a0fc8095c9/c1dc457a-2ecf-43a3-87cc-96a0fc8095c9_e58fed26-d6aa-40af-bc4b-872dc4bb6698.webp','c1dc457a-2ecf-43a3-87cc-96a0fc8095c9'),('f283d1b9-715a-4802-898a-fafe7ca5e4a2','2025-11-01 09:09:34.516625','/uploads/books/bec5b538-0bc2-4ae3-aa65-deb202e75e9a/bec5b538-0bc2-4ae3-aa65-deb202e75e9a_a19a0b5a-bea8-4dca-984a-75e326daf65b.jpg','bec5b538-0bc2-4ae3-aa65-deb202e75e9a'),('f4131928-4322-41ac-916a-34e7f3e266fc','2025-11-01 09:23:39.785689','/uploads/books/f203de2c-c979-49b6-a048-f3ad2c56bb31/f203de2c-c979-49b6-a048-f3ad2c56bb31_5edff8f4-867f-46ec-af23-b8e041eb0971.webp','f203de2c-c979-49b6-a048-f3ad2c56bb31'),('f63efe88-7e28-4ce5-90fe-fabad115ad99','2025-11-01 07:58:56.578580','/uploads/books/c51513b9-8a12-4464-8197-d72702662c1e/c51513b9-8a12-4464-8197-d72702662c1e_d7a4705d-5dd7-467a-9d9b-c0e65a21e3f3.webp','c51513b9-8a12-4464-8197-d72702662c1e'),('ff405a57-0554-44f4-b42d-e5aec8c85072','2025-11-01 08:49:15.185044','/uploads/books/aa4a3c6e-3fc2-48c4-89d0-3a2351f8f66b/aa4a3c6e-3fc2-48c4-89d0-3a2351f8f66b_d0e0f797-5b54-4ccd-8f73-650652f4d5eb.jpg','aa4a3c6e-3fc2-48c4-89d0-3a2351f8f66b');
/*!40000 ALTER TABLE `imagebook` ENABLE KEYS */;
UNLOCK TABLES;

--
-- Table structure for table `orderdetail`
--

DROP TABLE IF EXISTS `orderdetail`;
/*!40101 SET @saved_cs_client     = @@character_set_client */;
/*!50503 SET character_set_client = utf8mb4 */;
CREATE TABLE `orderdetail` (
  `id` varchar(255) NOT NULL,
  `discount` double NOT NULL,
  `price` double NOT NULL,
  `quantity` int NOT NULL,
  `book_id` varchar(255) NOT NULL,
  `order_id` varchar(255) NOT NULL,
  PRIMARY KEY (`id`),
  KEY `FK4rssb31odg8ygy5eapam3kf51` (`book_id`),
  KEY `FKfxkmvpbfxqect54pd7slj4ll9` (`order_id`),
  CONSTRAINT `FK4rssb31odg8ygy5eapam3kf51` FOREIGN KEY (`book_id`) REFERENCES `book` (`id`),
  CONSTRAINT `FKfxkmvpbfxqect54pd7slj4ll9` FOREIGN KEY (`order_id`) REFERENCES `orders` (`id`)
) ENGINE=InnoDB DEFAULT CHARSET=utf8mb4 COLLATE=utf8mb4_0900_ai_ci;
/*!40101 SET character_set_client = @saved_cs_client */;

--
-- Dumping data for table `orderdetail`
--

LOCK TABLES `orderdetail` WRITE;
/*!40000 ALTER TABLE `orderdetail` DISABLE KEYS */;
INSERT INTO `orderdetail` VALUES ('20c7abb0-3bde-46eb-b37c-5b1b62de79a8',5000,12000,3,'c51513b9-8a12-4464-8197-d72702662c1e','eaf94e02-c42a-41eb-8e21-40102efb11f3'),('39c143be-e064-45fd-961e-dfd2e6369baf',250,10000,1,'0df5b62d-1593-43b6-a835-3f1864156e16','64418ba1-1fed-47a5-91f7-127e40e2af75'),('674973df-d010-4a67-a5b7-d06eecdc2008',5000,12000,2,'c51513b9-8a12-4464-8197-d72702662c1e','e9c965a6-7055-492d-9f43-404d1a360300'),('6f30fdc5-cb49-48ce-ac4b-ebb8bfff710d',5000,12000,3,'c51513b9-8a12-4464-8197-d72702662c1e','e915fc40-c2d2-4175-a3b2-00d8397513df'),('917db2e1-abcb-4640-a02a-25061818d044',0,15000,1,'658858f3-3265-4009-a6c1-d11c06215d8d','e3aa13e0-d460-426c-8269-97230dd8975d'),('bdff8485-caf8-4588-a4da-ababac8a548a',0,15000,4,'658858f3-3265-4009-a6c1-d11c06215d8d','0423fd78-bca3-468c-84da-eb8d1ba32275'),('c4c9883f-e8f3-4bd5-9882-c7306da444b7',0,15000,4,'658858f3-3265-4009-a6c1-d11c06215d8d','94ce281e-e3b2-402d-b331-183f716031df');
/*!40000 ALTER TABLE `orderdetail` ENABLE KEYS */;
UNLOCK TABLES;

--
-- Table structure for table `orders`
--

DROP TABLE IF EXISTS `orders`;
/*!40101 SET @saved_cs_client     = @@character_set_client */;
/*!50503 SET character_set_client = utf8mb4 */;
CREATE TABLE `orders` (
  `id` varchar(255) NOT NULL,
  `city` varchar(70) NOT NULL,
  `created_at` datetime(6) NOT NULL,
  `fullname` varchar(50) NOT NULL,
  `order_code` varchar(15) NOT NULL,
  `paymethod` varchar(15) NOT NULL,
  `phone` varchar(15) NOT NULL,
  `speaddress` varchar(70) NOT NULL,
  `status` int NOT NULL,
  `total` double NOT NULL,
  `ward` varchar(70) NOT NULL,
  `user_id` varchar(255) NOT NULL,
  PRIMARY KEY (`id`),
  UNIQUE KEY `UK_dhk2umg8ijjkg4njg6891trit` (`order_code`),
  KEY `FKel9kyl84ego2otj2accfd8mr7` (`user_id`),
  CONSTRAINT `FKel9kyl84ego2otj2accfd8mr7` FOREIGN KEY (`user_id`) REFERENCES `user` (`id`)
) ENGINE=InnoDB DEFAULT CHARSET=utf8mb4 COLLATE=utf8mb4_0900_ai_ci;
/*!40101 SET character_set_client = @saved_cs_client */;

--
-- Dumping data for table `orders`
--

LOCK TABLES `orders` WRITE;
/*!40000 ALTER TABLE `orders` DISABLE KEYS */;
INSERT INTO `orders` VALUES ('0423fd78-bca3-468c-84da-eb8d1ba32275','Đà Nẵng','2025-10-31 17:50:23.895106','test','M1OKHW','cod','0967996016','751/28FHồng Bàng Phường 6 Quận 6',3,60000,'Xã Tam Mỹ','b1b879e5-8d4d-48e6-a735-08df20510d47'),('64418ba1-1fed-47a5-91f7-127e40e2af75','Đà Nẵng','2025-10-30 01:50:22.175571','test','B56TPL','cod','0967996016','751/28FHồng Bàng Phường 6 Quận 6',3,9750,'Xã Tam Mỹ','b1b879e5-8d4d-48e6-a735-08df20510d47'),('94ce281e-e3b2-402d-b331-183f716031df','Đà Nẵng','2025-10-30 01:50:46.924573','test','ININ0X','cod','0967996016','751/28FHồng Bàng Phường 6 Quận 6',0,60000,'Xã Tam Mỹ','b1b879e5-8d4d-48e6-a735-08df20510d47'),('e3aa13e0-d460-426c-8269-97230dd8975d','Đà Nẵng','2025-10-30 02:04:36.467825','test','QRXBZB','cod','0967996016','751/28FHồng Bàng Phường 6 Quận 6',1,15000,'Xã Tam Mỹ','b1b879e5-8d4d-48e6-a735-08df20510d47'),('e915fc40-c2d2-4175-a3b2-00d8397513df','Đà Nẵng','2025-10-25 14:04:27.831999','test','WBKVP3','momo','0967996016','751/28FHồng Bàng Phường 6 Quận 6',4,21000,'Xã Tam Mỹ','b1b879e5-8d4d-48e6-a735-08df20510d47'),('e9c965a6-7055-492d-9f43-404d1a360300','Đà Nẵng','2025-10-25 15:28:52.168158','test','Q44ZT6','momo','0967996016','751/28FHồng Bàng Phường 6 Quận 6',4,14000,'Xã Tam Mỹ','b1b879e5-8d4d-48e6-a735-08df20510d47'),('eaf94e02-c42a-41eb-8e21-40102efb11f3','Đà Nẵng','2025-10-30 01:30:05.970153','test','MHSHWO','cod','0967996016','751/28FHồng Bàng Phường 6 Quận 6',4,21000,'Xã Tam Mỹ','b1b879e5-8d4d-48e6-a735-08df20510d47');
/*!40000 ALTER TABLE `orders` ENABLE KEYS */;
UNLOCK TABLES;

--
-- Table structure for table `payment`
--

DROP TABLE IF EXISTS `payment`;
/*!40101 SET @saved_cs_client     = @@character_set_client */;
/*!50503 SET character_set_client = utf8mb4 */;
CREATE TABLE `payment` (
  `id` varchar(255) NOT NULL,
  `amount` double NOT NULL,
  `created_at` datetime(6) NOT NULL,
  `paymethod` varchar(20) NOT NULL,
  `status` int DEFAULT NULL,
  `transaction_id` varchar(100) DEFAULT NULL,
  `order_id` varchar(255) NOT NULL,
  PRIMARY KEY (`id`),
  KEY `FKlouu98csyullos9k25tbpk4va` (`order_id`),
  CONSTRAINT `FKlouu98csyullos9k25tbpk4va` FOREIGN KEY (`order_id`) REFERENCES `orders` (`id`)
) ENGINE=InnoDB DEFAULT CHARSET=utf8mb4 COLLATE=utf8mb4_0900_ai_ci;
/*!40101 SET character_set_client = @saved_cs_client */;

--
-- Dumping data for table `payment`
--

LOCK TABLES `payment` WRITE;
/*!40000 ALTER TABLE `payment` DISABLE KEYS */;
INSERT INTO `payment` VALUES ('2c6f49d5-6500-4ec4-b29d-44766be67e99',21000,'2025-10-25 14:06:23.319589','momo',0,'4600685405','e915fc40-c2d2-4175-a3b2-00d8397513df'),('7f58c52d-c2f8-4ce8-8678-c88231fc9c22',14000,'2025-10-25 15:29:20.215961','momo',1,'4600724377','e9c965a6-7055-492d-9f43-404d1a360300'),('9ee96426-6244-40df-8ec1-f1043b95c29f',14000,'2025-10-25 15:29:32.260927','momo',0,'4600724377','e9c965a6-7055-492d-9f43-404d1a360300'),('a9f8c913-c677-4617-8ee6-7ce0871abb97',21000,'2025-10-25 14:05:46.228065','momo',1,'4600685405','e915fc40-c2d2-4175-a3b2-00d8397513df');
/*!40000 ALTER TABLE `payment` ENABLE KEYS */;
UNLOCK TABLES;

--
-- Table structure for table `publisher`
--

DROP TABLE IF EXISTS `publisher`;
/*!40101 SET @saved_cs_client     = @@character_set_client */;
/*!50503 SET character_set_client = utf8mb4 */;
CREATE TABLE `publisher` (
  `id` varchar(255) NOT NULL,
  `created_at` datetime(6) NOT NULL,
  `name` varchar(50) NOT NULL,
  `slug` varchar(50) NOT NULL,
  PRIMARY KEY (`id`),
  UNIQUE KEY `UK_h9trv4xhmh6s68vbw9ba6to70` (`name`),
  UNIQUE KEY `UK_9y3rdnatfo8ols88k047tbe6b` (`slug`)
) ENGINE=InnoDB DEFAULT CHARSET=utf8mb4 COLLATE=utf8mb4_0900_ai_ci;
/*!40101 SET character_set_client = @saved_cs_client */;

--
-- Dumping data for table `publisher`
--

LOCK TABLES `publisher` WRITE;
/*!40000 ALTER TABLE `publisher` DISABLE KEYS */;
INSERT INTO `publisher` VALUES ('096a7376-84cb-46f2-9a17-6823684057d5','2025-10-19 12:09:07.845036','Quân Đội Nhân Dân','quan-oi-nhan-dan'),('25cfd702-fbc5-470e-89f7-b789166cc75a','2025-11-01 09:16:15.793563','Hà Nội','ha-noi'),('348624ac-119c-48c9-9e49-5e4605ca7ac7','2025-11-01 07:51:14.209291','NXB Trẻ','nxb-tre'),('558747b1-5840-4b4e-af4b-203cd6f0ae63','2025-11-01 09:13:13.501730','Lao Động','lao-ong'),('5a5b227a-9a43-4c4f-a7ae-5b931992ac87','2025-11-01 08:17:04.863861','Thế Giới','the-gioi'),('6ed381fa-c544-4ef5-92ae-2e20199c3c7b','2025-11-01 09:22:30.074430','NXB Tri Thức','nxb-tri-thuc'),('8028ea2e-e127-40a7-a915-b94eb698862b','2025-10-19 12:01:14.194650','Kim Đồng','kim-ong'),('9ca99f2a-c18a-4370-87de-55ddb348cefc','2025-11-01 08:24:36.912642','Tổng Hợp TPHCM','tong-hop-tphcm'),('b264d51f-a84a-4745-a344-2eac6643581a','2025-11-01 08:47:55.635556','Đinh Tị','inh-ti'),('b83abea0-3d3c-4309-a60a-35be9ee92abe','2025-11-01 08:53:11.745272','Dân Trí','dan-tri'),('c0c19c8f-7dcd-46ba-babc-ac1669107dcb','2025-11-01 09:17:08.090143','Công Thương','cong-thuong'),('fa81e3eb-624a-472e-8334-2edb6d98388d','2025-11-01 08:50:12.459149','Phụ Nữ Việt Nam','phu-nu-viet-nam'),('fdf8f890-fcd5-4c18-a0a0-b32190e4ae19','2025-11-01 08:03:13.603560','Văn Học','van-hoc');
/*!40000 ALTER TABLE `publisher` ENABLE KEYS */;
UNLOCK TABLES;

--
-- Table structure for table `user`
--

DROP TABLE IF EXISTS `user`;
/*!40101 SET @saved_cs_client     = @@character_set_client */;
/*!50503 SET character_set_client = utf8mb4 */;
CREATE TABLE `user` (
  `id` varchar(255) NOT NULL,
  `created_at` datetime(6) NOT NULL,
  `email` varchar(100) NOT NULL,
  `password` varchar(255) NOT NULL,
  `role` int NOT NULL,
  `status` int NOT NULL,
  `fullname` varchar(50) NOT NULL,
  PRIMARY KEY (`id`),
  UNIQUE KEY `UK_ob8kqyqqgmefl0aco34akdtpe` (`email`)
) ENGINE=InnoDB DEFAULT CHARSET=utf8mb4 COLLATE=utf8mb4_0900_ai_ci;
/*!40101 SET character_set_client = @saved_cs_client */;

--
-- Dumping data for table `user`
--

LOCK TABLES `user` WRITE;
/*!40000 ALTER TABLE `user` DISABLE KEYS */;
INSERT INTO `user` VALUES ('083d38f9-f906-4290-a9da-fe7a499e2901','2025-10-20 16:56:13.154679','hieunguyen456@gmail.com','$2a$10$njmrKLQ5Um6nkL7wpJntPutDISXVW8hjDgS0QuNfqkL39VBO9VnEi',3,1,'hieu nguyen'),('268fb390-b233-4fb4-8d39-d1785eb4e8c8','2025-10-20 06:31:05.304110','user456@gmail.com','$2a$10$X19oDGgNo.c5NmLFZ/zvKu90LXe7RaKaK9cr.K3L3Y0FmUeHm4RcS',3,1,'user1'),('4ae502cf-de12-4b08-a574-b94ec59855b2','2025-10-20 06:38:18.112980','admin456@gmail.com','$2a$10$8yLH.ZvaXmICrK/I8gVfJuu5A07JvOwMqj4aSuTxdCi0pLEPYY.J6',0,1,'admin'),('69e55100-8677-406d-b56d-cbe23ca623ac','2025-10-20 17:52:51.404719','admin456789@gmail.com','$2a$10$2FjIYmqaHn2GetnK0XMu2u0gAggehkl5s7iRidZ7tRDwxYydiuJV.',1,1,'admin1'),('b1b879e5-8d4d-48e6-a735-08df20510d47','2025-10-20 06:38:35.126664','quanglam@gmail.com','$2a$10$FwhRyWgFJFpboqx8ObINxOGfL0IQqedyn0CdIUuTPR61OalNdlxmy',3,1,'quanglam');
/*!40000 ALTER TABLE `user` ENABLE KEYS */;
UNLOCK TABLES;
/*!40103 SET TIME_ZONE=@OLD_TIME_ZONE */;

/*!40101 SET SQL_MODE=@OLD_SQL_MODE */;
/*!40014 SET FOREIGN_KEY_CHECKS=@OLD_FOREIGN_KEY_CHECKS */;
/*!40014 SET UNIQUE_CHECKS=@OLD_UNIQUE_CHECKS */;
/*!40101 SET CHARACTER_SET_CLIENT=@OLD_CHARACTER_SET_CLIENT */;
/*!40101 SET CHARACTER_SET_RESULTS=@OLD_CHARACTER_SET_RESULTS */;
/*!40101 SET COLLATION_CONNECTION=@OLD_COLLATION_CONNECTION */;
/*!40111 SET SQL_NOTES=@OLD_SQL_NOTES */;

-- Dump completed on 2025-11-01 18:21:26
